Dia,Nome do conjunto de anúncios,Status de veiculação,Nível de veiculação,Configuração de atribuição,Tipo de resultado,Resultados,Alcance,Frequência,Custo por resultado,Valor gasto (BRL),Impressões,Leads,Conversas por mensagem iniciadas,Cliques no link,Seguidores no Instagram,Início dos relatórios,Encerramento dos relatórios,Resultados (iniciais)
2026-09-23,Aberto - Lins 17km [18+][H-M] — V3,active,adset,Clique de 7 dias ou visualização de 1 dia,,,511,1.3111546,,8.64,670,,,1,0,2026-09-23,2026-09-23,
2026-09-23,LINS 17 KM | H-M | 18+,active,adset,Clique de 7 dias ou visualização de 1 dia,Conversas por mensagem iniciadas,3,1238,1.2358643,8.93666667,26.81,1530,,3,15,0,2026-09-23,2026-09-23,
2026-09-23,Natação | Lins 17 KM | 18 + | Homens e Mulheres,active,adset,Clique de 7 dias ou visualização de 1 dia,Leads (formulário),1,2535,1.35147929,40.35,40.35,3426,1,,28,0,2026-09-23,2026-09-23,
2026-09-23,Personal | Lins 17 KM | 18+ a 55 | Homens e Mulheres,active,adset,Clique de 7 dias ou visualização de 1 dia,Leads (formulário),6,1320,1.21363636,5.03166667,30.19,1602,6,,22,0,2026-09-23,2026-09-23,
2026-09-23,[LINS 17KM] [H-M],active,adset,Clique de 1 dia,Visitas ao perfil do Instagram,7,380,1.01052632,0.41857143,2.93,384,,,8,1,2026-09-23,2026-09-23,
2026-09-22,Aberto - Lins 17km [18+][H-M] — V3,active,adset,Clique de 7 dias ou visualização de 1 dia,Conversas por mensagem iniciadas,1,640,1.4203125,12.28,12.28,909,,1,1,0,2026-09-22,2026-09-22,
2026-09-22,LINS 17 KM | H-M | 18+,active,adset,Clique de 7 dias ou visualização de 1 dia,Conversas por mensagem iniciadas,9,2577,1.30655801,6.74333333,60.69,3367,,9,19,2,2026-09-22,2026-09-22,
2026-09-22,Natação | Lins 17 KM | 18 + | Homens e Mulheres,active,adset,Clique de 7 dias ou visualização de 1 dia,Leads (formulário),6,3773,1.26822157,10.37,62.22,4785,6,,57,1,2026-09-22,2026-09-22,
2026-09-22,Personal | Lins 17 KM | 18+ a 55 | Homens e Mulheres,active,adset,Clique de 7 dias ou visualização de 1 dia,Leads (formulário),5,3153,1.32191564,15.102,75.51,4168,5,,46,0,2026-09-22,2026-09-22,
2026-09-22,[LINS 17KM] [H-M],active,adset,Clique de 1 dia,Visitas ao perfil do Instagram,24,947,1.02006336,0.29291667,7.03,966,,,26,0,2026-09-22,2026-09-22,
2026-09-21,Personal | Lins 17 KM | 18+ a 55 | Homens e Mulheres,active,adset,Clique de 7 dias ou visualização de 1 dia,Leads (formulário),6,2402,1.30474604,8.90166667,53.41,3134,6,,44,2,2026-09-21,2026-09-21,
2026-09-21,[LINS 17KM] [H-M],active,adset,Clique de 1 dia,Visitas ao perfil do Instagram,21,754,1.01856764,0.26809524,5.63,768,,,20,0,2026-09-21,2026-09-21,
2026-09-21,Natação | Lins 17 KM | 18 + | Homens e Mulheres,active,adset,Clique de 7 dias ou visualização de 1 dia,Leads (formulário),5,3465,1.25252525,11.166,55.83,4340,5,,42,0,2026-09-21,2026-09-21,
2026-09-21,LINS 17 KM | H-M | 18+,active,adset,Clique de 7 dias ou visualização de 1 dia,Conversas por mensagem iniciadas,1,797,1.28732748,24.6,24.6,1026,,1,11,0,2026-09-21,2026-09-21,
2026-09-21,Aberto - Lins 17km [18+][H-M] — V3,active,adset,Clique de 7 dias ou visualização de 1 dia,Conversas por mensagem iniciadas,2,516,1.55232558,5.405,10.81,801,,2,4,0,2026-09-21,2026-09-21,
2026-09-20,Aberto - Lins 17km [18+][H-M] — V3,active,adset,Clique de 7 dias ou visualização de 1 dia,Conversas por mensagem iniciadas,1,372,1.39784946,6.23,6.23,520,,1,2,0,2026-09-20,2026-09-20,
2026-09-20,LINS 17 KM | H-M | 18+,active,adset,Clique de 7 dias ou visualização de 1 dia,Conversas por mensagem iniciadas,4,1791,1.24567281,8.2875,33.15,2231,,4,14,0,2026-09-20,2026-09-20,
2026-09-20,Natação | Lins 17 KM | 18 + | Homens e Mulheres,active,adset,Clique de 7 dias ou visualização de 1 dia,Leads (formulário),4,3580,1.21620112,17.1175,68.47,4354,4,,51,0,2026-09-20,2026-09-20,
2026-09-20,Personal | Lins 17 KM | 18+ a 55 | Homens e Mulheres,active,adset,Clique de 7 dias ou visualização de 1 dia,Leads (formulário),8,3348,1.26583035,9.56125,76.49,4238,8,,50,1,2026-09-20,2026-09-20,
2026-09-20,[LINS 17KM] [H-M],active,adset,Clique de 1 dia,Visitas ao perfil do Instagram,30,1151,1,0.316,9.48,1151,,,31,0,2026-09-20,2026-09-20,
2026-09-19,Aberto - Lins 17km [18+][H-M] — V3,active,adset,Clique de 7 dias ou visualização de 1 dia,,,625,1.3376,,9.97,836,,,2,1,2026-09-19,2026-09-19,
2026-09-19,LINS 17 KM | H-M | 18+,active,adset,Clique de 7 dias ou visualização de 1 dia,Conversas por mensagem iniciadas,6,1489,1.26729349,4.34333333,26.06,1887,,6,17,0,2026-09-19,2026-09-19,
2026-09-19,Natação | Lins 17 KM | 18 + | Homens e Mulheres,active,adset,Clique de 7 dias ou visualização de 1 dia,Leads (formulário),2,2716,1.27356406,25.61,51.22,3459,2,,35,0,2026-09-19,2026-09-19,
2026-09-19,Personal | Lins 17 KM | 18+ a 55 | Homens e Mulheres,active,adset,Clique de 7 dias ou visualização de 1 dia,Leads (formulário),6,2420,1.20867769,9.105,54.63,2925,6,,45,1,2026-09-19,2026-09-19,
2026-09-19,[LINS 17KM] [H-M],active,adset,Clique de 1 dia,Visitas ao perfil do Instagram,22,807,1.01982652,0.28363636,6.24,823,,,23,0,2026-09-19,2026-09-19,
2026-09-18,Personal | Lins 17 KM | 18+ a 55 | Homens e Mulheres,active,adset,Clique de 7 dias ou visualização de 1 dia,Leads (formulário),4,2830,1.43180212,17.3825,69.53,4052,4,,39,0,2026-09-18,2026-09-18,
2026-09-18,[LINS 17KM] [H-M],active,adset,Clique de 1 dia,Visitas ao perfil do Instagram,23,653,1.02909648,0.26,5.98,672,,,23,1,2026-09-18,2026-09-18,
2026-09-18,Aberto - Lins 17km [18+][H-M] — V3,active,adset,Clique de 7 dias ou visualização de 1 dia,Conversas por mensagem iniciadas,3,449,1.49665924,3.00333333,9.01,672,,3,,0,2026-09-18,2026-09-18,
2026-09-18,Natação | Lins 17 KM | 18 + | Homens e Mulheres,active,adset,Clique de 7 dias ou visualização de 1 dia,Leads (formulário),4,2941,1.2682761,14.3975,57.59,3730,4,,32,0,2026-09-18,2026-09-18,
2026-09-18,LINS 17 KM | H-M | 18+,active,adset,Clique de 7 dias ou visualização de 1 dia,Conversas por mensagem iniciadas,2,788,1.38705584,8.27,16.54,1093,,2,7,0,2026-09-18,2026-09-18,
2026-09-17,Aberto - Lins 17km [18+][H-M] — V3,active,adset,Clique de 7 dias ou visualização de 1 dia,,,630,1.52857143,,11.87,963,,,1,0,2026-09-17,2026-09-17,
2026-09-17,LINS 17 KM | H-M | 18+,active,adset,Clique de 7 dias ou visualização de 1 dia,Conversas por mensagem iniciadas,13,1408,1.29403409,2.51461538,32.69,1822,,13,25,0,2026-09-17,2026-09-17,
2026-09-17,Natação | Lins 17 KM | 18 + | Homens e Mulheres,active,adset,Clique de 7 dias ou visualização de 1 dia,Leads (formulário),5,2748,1.26855895,11.458,57.29,3486,5,,43,0,2026-09-17,2026-09-17,
2026-09-17,Personal | Lins 17 KM | 18+ a 55 | Homens e Mulheres,active,adset,Clique de 7 dias ou visualização de 1 dia,Leads (formulário),5,2059,1.21612433,12.692,63.46,2504,5,,49,0,2026-09-17,2026-09-17,
2026-09-17,[LINS 17KM] [H-M],active,adset,Clique de 1 dia,Visitas ao perfil do Instagram,28,822,1,0.24857143,6.96,822,,,29,1,2026-09-17,2026-09-17,
2026-09-16,Natação | Lins 17 KM | 18 + | Homens e Mulheres,active,adset,Clique de 7 dias ou visualização de 1 dia,Leads (formulário),4,3687,1.44209384,17.3475,69.39,5317,4,,32,0,2026-09-16,2026-09-16,
2026-09-16,Personal | Lins 17 KM | 18+ a 55 | Homens e Mulheres,active,adset,Clique de 7 dias ou visualização de 1 dia,Leads (formulário),5,2212,1.22875226,12.454,62.27,2718,5,,44,0,2026-09-16,2026-09-16,
2026-09-16,[LINS 17KM] [H-M],active,adset,Clique de 1 dia,Visitas ao perfil do Instagram,20,689,1.0275762,0.3245,6.49,708,,,20,0,2026-09-16,2026-09-16,
2026-09-16,LINS 17 KM | H-M | 18+,active,adset,Clique de 7 dias ou visualização de 1 dia,Conversas por mensagem iniciadas,15,1677,1.33571855,2.77266667,41.59,2240,,15,29,0,2026-09-16,2026-09-16,
2026-09-16,Aberto - Lins 17km [18+][H-M] — V3,active,adset,Clique de 7 dias ou visualização de 1 dia,Conversas por mensagem iniciadas,1,811,1.43896424,12.43,12.43,1167,,1,7,0,2026-09-16,2026-09-16,
2026-09-15,Aberto - Lins 17km [18+][H-M] — V3,active,adset,Clique de 7 dias ou visualização de 1 dia,,,575,1.24173913,,6.42,714,,,,0,2026-09-15,2026-09-15,
2026-09-15,LINS 17 KM | H-M | 18+,active,adset,Clique de 7 dias ou visualização de 1 dia,Conversas por mensagem iniciadas,11,2849,1.3987364,5.46090909,60.07,3985,,11,25,2,2026-09-15,2026-09-15,
2026-09-15,Natação | Lins 17 KM | 18 + | Homens e Mulheres,active,adset,Clique de 7 dias ou visualização de 1 dia,Leads (formulário),2,2211,1.24559023,27.8,55.6,2754,2,,39,0,2026-09-15,2026-09-15,
2026-09-15,Personal | Lins 17 KM | 18+ a 55 | Homens e Mulheres,active,adset,Clique de 7 dias ou visualização de 1 dia,Leads (formulário),3,2091,1.18603539,17.97666667,53.93,2480,3,,34,2,2026-09-15,2026-09-15,
2026-09-15,[LINS 17KM] [H-M],active,adset,Clique de 1 dia,Visitas ao perfil do Instagram,18,757,1.02509908,0.30055556,5.41,776,,,19,1,2026-09-15,2026-09-15,
2026-09-14,Aberto - Lins 17km [18+][H-M] — V3,active,adset,Clique de 7 dias ou visualização de 1 dia,Conversas por mensagem iniciadas,1,1134,1.12786596,12.44,12.44,1279,,1,3,0,2026-09-14,2026-09-14,
2026-09-14,LINS 17 KM | H-M | 18+,active,adset,Clique de 7 dias ou visualização de 1 dia,Conversas por mensagem iniciadas,6,1980,1.2530303,8.67666667,52.06,2481,,6,22,1,2026-09-14,2026-09-14,
2026-09-14,Natação | Lins 17 KM | 18 + | Homens e Mulheres,active,adset,Clique de 7 dias ou visualização de 1 dia,Leads (formulário),3,2782,1.23148814,20.24666667,60.74,3426,3,,38,0,2026-09-14,2026-09-14,
2026-09-14,Personal | Lins 17 KM | 18+ a 55 | Homens e Mulheres,active,adset,Clique de 7 dias ou visualização de 1 dia,Leads (formulário),4,2355,1.36687898,15.65,62.6,3219,4,,51,0,2026-09-14,2026-09-14,
2026-09-14,[LINS 17KM] [H-M],active,adset,Clique de 1 dia,Visitas ao perfil do Instagram,26,1078,1.01855288,0.27346154,7.11,1098,,,32,1,2026-09-14,2026-09-14,
2026-09-13,Personal | Lins 17 KM | 18+ a 55 | Homens e Mulheres,active,adset,Clique de 7 dias ou visualização de 1 dia,Leads (formulário),11,2740,1.36934307,7.68363636,84.52,3752,11,,57,0,2026-09-13,2026-09-13,
2026-09-13,[LINS 17KM] [H-M],active,adset,Clique de 1 dia,Visitas ao perfil do Instagram,33,1448,1.02002762,0.3269697,10.79,1477,,,38,2,2026-09-13,2026-09-13,
2026-09-13,Aberto - Lins 17km [18+][H-M] — V3,active,adset,Clique de 7 dias ou visualização de 1 dia,Conversas por mensagem iniciadas,1,672,1.17113095,7.65,7.65,787,,1,1,0,2026-09-13,2026-09-13,
2026-09-13,Natação | Lins 17 KM | 18 + | Homens e Mulheres,active,adset,Clique de 7 dias ou visualização de 1 dia,Leads (formulário),6,2530,1.28458498,10.75333333,64.52,3250,6,,54,0,2026-09-13,2026-09-13,
2026-09-13,LINS 17 KM | H-M | 18+,active,adset,Clique de 7 dias ou visualização de 1 dia,Conversas por mensagem iniciadas,4,1512,1.21759259,7.1675,28.67,1841,,4,17,0,2026-09-13,2026-09-13,
2026-09-12,Aberto - Lins 17km [18+][H-M] — V3,active,adset,Clique de 7 dias ou visualização de 1 dia,,,573,1.12739965,,6.35,646,,,,0,2026-09-12,2026-09-12,
2026-09-12,LINS 17 KM | H-M | 18+,active,adset,Clique de 7 dias ou visualização de 1 dia,Conversas por mensagem iniciadas,5,2198,1.22611465,5.162,25.81,2695,,5,22,1,2026-09-12,2026-09-12,
2026-09-12,Natação | Lins 17 KM | 18 + | Homens e Mulheres,active,adset,Clique de 7 dias ou visualização de 1 dia,Leads (formulário),5,1938,1.27657379,10.138,50.69,2474,5,,36,1,2026-09-12,2026-09-12,
2026-09-12,Personal | Lins 17 KM | 18+ a 55 | Homens e Mulheres,active,adset,Clique de 7 dias ou visualização de 1 dia,Leads (formulário),5,1857,1.29563813,12.548,62.74,2406,5,,43,0,2026-09-12,2026-09-12,
2026-09-12,[LINS 17KM] [H-M],active,adset,Clique de 1 dia,Visitas ao perfil do Instagram,8,847,1.01180638,0.7025,5.62,857,,,8,2,2026-09-12,2026-09-12,
2026-09-11,Natação | Lins 17 KM | 18 + | Homens e Mulheres,active,adset,Clique de 7 dias ou visualização de 1 dia,Leads (formulário),5,2113,1.22953147,11.344,56.72,2598,5,,54,0,2026-09-11,2026-09-11,
2026-09-11,Personal | Lins 17 KM | 18+ a 55 | Homens e Mulheres,active,adset,Clique de 7 dias ou visualização de 1 dia,Leads (formulário),2,2172,1.39548803,31.9,63.8,3031,2,,34,1,2026-09-11,2026-09-11,
2026-09-11,[LINS 17KM] [H-M],active,adset,Clique de 1 dia,Visitas ao perfil do Instagram,15,1189,1.07317073,0.556,8.34,1276,,,14,0,2026-09-11,2026-09-11,
2026-09-11,LINS 17 KM | H-M | 18+,active,adset,Clique de 7 dias ou visualização de 1 dia,Conversas por mensagem iniciadas,10,2579,1.36642109,4.268,42.68,3524,,10,20,0,2026-09-11,2026-09-11,
2026-09-11,Aberto - Lins 17km [18+][H-M] — V3,active,adset,Clique de 7 dias ou visualização de 1 dia,,,609,1.30706076,,7.7,796,,,3,0,2026-09-11,2026-09-11,
2026-09-10,Aberto - Lins 17km [18+][H-M] — V3,active,adset,Clique de 7 dias ou visualização de 1 dia,,,932,1.1888412,,11.95,1108,,,5,0,2026-09-10,2026-09-10,
2026-09-10,LINS 17 KM | H-M | 18+,active,adset,Clique de 7 dias ou visualização de 1 dia,Conversas por mensagem iniciadas,1,2032,1.41190945,39,39,2869,,1,15,2,2026-09-10,2026-09-10,
2026-09-10,Natação | Lins 17 KM | 18 + | Homens e Mulheres,active,adset,Clique de 7 dias ou visualização de 1 dia,Leads (formulário),6,2219,1.32176656,9.03833333,54.23,2933,6,,38,1,2026-09-10,2026-09-10,
2026-09-10,Personal | Lins 17 KM | 18+ a 55 | Homens e Mulheres,active,adset,Clique de 7 dias ou visualização de 1 dia,Leads (formulário),1,3218,1.28060907,57.32,57.32,4121,1,,35,0,2026-09-10,2026-09-10,
2026-09-10,[LINS 17KM] [H-M],active,adset,Clique de 1 dia,Visitas ao perfil do Instagram,17,870,1.0862069,0.43058824,7.32,945,,,16,1,2026-09-10,2026-09-10,
2026-09-09,Aberto - Lins 17km [18+][H-M] — V3,active,adset,Clique de 7 dias ou visualização de 1 dia,,,956,1.18200837,,12.43,1130,,,3,0,2026-09-09,2026-09-09,
2026-09-09,LINS 17 KM | H-M | 18+,active,adset,Clique de 7 dias ou visualização de 1 dia,Conversas por mensagem iniciadas,2,1777,1.38154192,20.115,40.23,2455,,2,11,1,2026-09-09,2026-09-09,
2026-09-09,Natação | Lins 17 KM | 18 + | Homens e Mulheres,active,adset,Clique de 7 dias ou visualização de 1 dia,Leads (formulário),3,1725,1.26202899,10.54666667,31.64,2177,3,,23,0,2026-09-09,2026-09-09,
2026-09-09,Personal | Lins 17 KM | 18+ a 55 | Homens e Mulheres,active,adset,Clique de 7 dias ou visualização de 1 dia,Leads (formulário),4,1442,1.30582524,6.4225,25.69,1883,4,,19,0,2026-09-09,2026-09-09,
2026-09-09,[LINS 17KM] [H-M],active,adset,Clique de 1 dia,Visitas ao perfil do Instagram,12,657,1,0.41916667,5.03,657,,,10,0,2026-09-09,2026-09-09,
2026-09-08,[LINS 17KM] [H-M],active,adset,Clique de 1 dia,Visitas ao perfil do Instagram,15,966,1.06004141,0.48866667,7.33,1024,,,14,1,2026-09-08,2026-09-08,
2026-09-08,Personal | Lins 17 KM | 18+ a 55 | Homens e Mulheres,active,adset,Clique de 7 dias ou visualização de 1 dia,Leads (formulário),5,2653,1.37881643,10.912,54.56,3658,5,,30,0,2026-09-08,2026-09-08,
2026-09-08,LINS 17 KM | H-M | 18+,active,adset,Clique de 7 dias ou visualização de 1 dia,Conversas por mensagem iniciadas,6,1520,1.45592105,5.60166667,33.61,2213,,6,10,0,2026-09-08,2026-09-08,
2026-09-08,Natação | Lins 17 KM | 18 + | Homens e Mulheres,active,adset,Clique de 7 dias ou visualização de 1 dia,Leads (formulário),4,1619,1.29153799,7.6725,30.69,2091,4,,26,0,2026-09-08,2026-09-08,
2026-09-08,Aberto - Lins 17km [18+][H-M] — V3,active,adset,Clique de 7 dias ou visualização de 1 dia,Conversas por mensagem iniciadas,1,1085,1.22672811,12.35,12.35,1331,,1,4,0,2026-09-08,2026-09-08,
2026-09-07,Aberto - Lins 17km [18+][H-M] — V3,active,adset,Clique de 7 dias ou visualização de 1 dia,Conversas por mensagem iniciadas,1,1528,1.17931937,12.41,12.41,1802,,1,4,0,2026-09-07,2026-09-07,
2026-09-07,LINS 17 KM | H-M | 18+,active,adset,Clique de 7 dias ou visualização de 1 dia,Conversas por mensagem iniciadas,2,1634,1.4253366,11.845,23.69,2329,,2,13,0,2026-09-07,2026-09-07,
2026-09-07,Natação | Lins 17 KM | 18 + | Homens e Mulheres,active,adset,Clique de 7 dias ou visualização de 1 dia,Leads (formulário),1,2017,1.29747149,39.04,39.04,2617,1,,26,0,2026-09-07,2026-09-07,
2026-09-07,Personal | Lins 17 KM | 18+ a 55 | Homens e Mulheres,active,adset,Clique de 7 dias ou visualização de 1 dia,Leads (formulário),7,2463,1.3000406,7.58857143,53.12,3202,7,,35,0,2026-09-07,2026-09-07,
2026-09-07,[LINS 17KM] [H-M],active,adset,Clique de 1 dia,Visitas ao perfil do Instagram,24,1154,1.04159445,0.33,7.92,1202,,,26,1,2026-09-07,2026-09-07,
2026-09-06,Natação | Lins 17 KM | 18 + | Homens e Mulheres,active,adset,Clique de 7 dias ou visualização de 1 dia,Leads (formulário),4,2401,1.43523532,10.54,42.16,3446,4,,30,0,2026-09-06,2026-09-06,
2026-09-06,Personal | Lins 17 KM | 18+ a 55 | Homens e Mulheres,active,adset,Clique de 7 dias ou visualização de 1 dia,Leads (formulário),8,2481,1.3458283,6.96375,55.71,3339,8,,43,1,2026-09-06,2026-09-06,
2026-09-06,[LINS 17KM] [H-M],active,adset,Clique de 1 dia,Visitas ao perfil do Instagram,21,1086,1.01933702,0.35428571,7.44,1107,,,16,0,2026-09-06,2026-09-06,
2026-09-06,LINS 17 KM | H-M | 18+,active,adset,Clique de 7 dias ou visualização de 1 dia,Conversas por mensagem iniciadas,5,1368,1.34576023,4.132,20.66,1841,,5,9,0,2026-09-06,2026-09-06,
2026-09-06,Aberto - Lins 17km [18+][H-M] — V3,active,adset,Clique de 7 dias ou visualização de 1 dia,Conversas por mensagem iniciadas,1,529,1.28733459,6.45,6.45,681,,1,4,0,2026-09-06,2026-09-06,
2026-09-05,Aberto - Lins 17km [18+][H-M] — V3,active,adset,Clique de 7 dias ou visualização de 1 dia,,,1029,1.34596696,,12.38,1385,,,5,0,2026-09-05,2026-09-05,
2026-09-05,LINS 17 KM | H-M | 18+,active,adset,Clique de 7 dias ou visualização de 1 dia,Conversas por mensagem iniciadas,3,1005,1.50746269,5.41333333,16.24,1515,,3,10,0,2026-09-05,2026-09-05,
2026-09-05,Natação | Lins 17 KM | 18 + | Homens e Mulheres,active,adset,Clique de 7 dias ou visualização de 1 dia,Leads (formulário),1,2241,1.47077198,34.6,34.6,3296,1,,26,0,2026-09-05,2026-09-05,
2026-09-05,Personal | Lins 17 KM | 18+ a 55 | Homens e Mulheres,active,adset,Clique de 7 dias ou visualização de 1 dia,Leads (formulário),4,1936,1.42923554,12.76,51.04,2767,4,,36,2,2026-09-05,2026-09-05,
2026-09-05,[LINS 17KM] [H-M],active,adset,Clique de 1 dia,Visitas ao perfil do Instagram,29,1023,1.02639296,0.24689655,7.16,1050,,,27,2,2026-09-05,2026-09-05,
2026-09-04,Aberto - Lins 17km [18+][H-M] — V3,active,adset,Clique de 7 dias ou visualização de 1 dia,,,762,1.46325459,,11.16,1115,,,5,0,2026-09-04,2026-09-04,
2026-09-04,LINS 17 KM | H-M | 18+,active,adset,Clique de 7 dias ou visualização de 1 dia,Conversas por mensagem iniciadas,2,1541,1.43218689,11.115,22.23,2207,,2,15,0,2026-09-04,2026-09-04,
2026-09-04,Natação | Lins 17 KM | 18 + | Homens e Mulheres,active,adset,Clique de 7 dias ou visualização de 1 dia,Leads (formulário),2,2082,1.47358309,13.97,27.94,3068,2,,24,0,2026-09-04,2026-09-04,
2026-09-04,Personal | Lins 17 KM | 18+ a 55 | Homens e Mulheres,active,adset,Clique de 7 dias ou visualização de 1 dia,Leads (formulário),1,1777,1.46933033,40.44,40.44,2611,1,,30,0,2026-09-04,2026-09-04,
2026-09-04,[LINS 17KM] [H-M],active,adset,Clique de 1 dia,Visitas ao perfil do Instagram,10,839,1,0.612,6.12,839,,,9,0,2026-09-04,2026-09-04,
2026-09-03,Personal | Lins 17 KM | 18+ a 55 | Homens e Mulheres,active,adset,Clique de 7 dias ou visualização de 1 dia,Leads (formulário),3,2159,1.28531728,16.76333333,50.29,2775,3,,34,0,2026-09-03,2026-09-03,
2026-09-03,[LINS 17KM] [H-M],active,adset,Clique de 1 dia,Visitas ao perfil do Instagram,22,925,1.03243243,0.3,6.6,955,,,20,1,2026-09-03,2026-09-03,
2026-09-03,Natação | Lins 17 KM | 18 + | Homens e Mulheres,active,adset,Clique de 7 dias ou visualização de 1 dia,Leads (formulário),3,3199,1.38543295,15.01333333,45.04,4432,3,,22,1,2026-09-03,2026-09-03,
2026-09-03,Aberto - Lins 17km [18+][H-M] — V3,active,adset,Clique de 7 dias ou visualização de 1 dia,Conversas por mensagem iniciadas,1,757,1.44121532,11.23,11.23,1091,,1,3,0,2026-09-03,2026-09-03,
2026-09-03,LINS 17 KM | H-M | 18+,active,adset,Clique de 7 dias ou visualização de 1 dia,Conversas por mensagem iniciadas,5,2743,1.27087131,8.58,42.9,3486,,5,20,0,2026-09-03,2026-09-03,
2026-09-02,Aberto - Lins 17km [18+][H-M] — V3,active,adset,Clique de 7 dias ou visualização de 1 dia,Conversas por mensagem iniciadas,2,561,1.36898396,5.03,10.06,768,,2,4,0,2026-09-02,2026-09-02,
2026-09-02,LINS 17 KM | H-M | 18+,active,adset,Clique de 7 dias ou visualização de 1 dia,,,459,1.64705882,,13.44,756,,,2,0,2026-09-02,2026-09-02,
2026-09-02,Natação | Lins 17 KM | 18 + | Homens e Mulheres,active,adset,Clique de 7 dias ou visualização de 1 dia,Leads (formulário),3,2770,1.38231047,10.06666667,30.2,3829,3,,21,2,2026-09-02,2026-09-02,
2026-09-02,Personal | Lins 17 KM | 18+ a 55 | Homens e Mulheres,active,adset,Clique de 7 dias ou visualização de 1 dia,Leads (formulário),5,1937,1.25761487,7.784,38.92,2436,5,,32,1,2026-09-02,2026-09-02,
2026-09-02,[LINS 17KM] [H-M],active,adset,Clique de 1 dia,Visitas ao perfil do Instagram,18,893,1.06830907,0.38444444,6.92,954,,,13,0,2026-09-02,2026-09-02,
2026-09-01,Natação | Lins 17 KM | 18 + | Homens e Mulheres,active,adset,Clique de 7 dias ou visualização de 1 dia,Leads (formulário),4,2304,1.45138889,6.4725,25.89,3344,4,,15,1,2026-09-01,2026-09-01,
2026-09-01,Aberto - Lins 17km [18+][H-M] — V3,active,adset,Clique de 7 dias ou visualização de 1 dia,,,419,1.21957041,,5.34,511,,,1,0,2026-09-01,2026-09-01,
2026-09-01,LINS 17 KM | H-M | 18+,active,adset,Clique de 7 dias ou visualização de 1 dia,Conversas por mensagem iniciadas,3,1916,1.41649269,11.27666667,33.83,2714,,3,11,1,2026-09-01,2026-09-01,
2026-09-01,Personal | Lins 17 KM | 18+ a 55 | Homens e Mulheres,active,adset,Clique de 7 dias ou visualização de 1 dia,Leads (formulário),5,2272,1.3846831,8.132,40.66,3146,5,,28,0,2026-09-01,2026-09-01,
2026-09-01,[LINS 17KM] [H-M],active,adset,Clique de 1 dia,Visitas ao perfil do Instagram,29,1147,1.05318221,0.24068966,6.98,1208,,,26,1,2026-09-01,2026-09-01,
2026-08-31,Personal | Lins 17 KM | 18+ a 55 | Homens e Mulheres,active,adset,Clique de 7 dias ou visualização de 1 dia,Leads (formulário),5,2179,1.35383203,8.144,40.72,2950,5,,25,0,2026-08-31,2026-08-31,
2026-08-31,[LINS 17KM] [H-M],active,adset,Clique de 1 dia,Visitas ao perfil do Instagram,30,1286,1.01477449,0.26633333,7.99,1305,,,23,1,2026-08-31,2026-08-31,
2026-08-31,LINS 17 KM | H-M | 18+,active,adset,Clique de 7 dias ou visualização de 1 dia,Conversas por mensagem iniciadas,5,1630,1.28895706,4.672,23.36,2101,,5,9,0,2026-08-31,2026-08-31,
2026-08-31,Natação | Lins 17 KM | 18 + | Homens e Mulheres,active,adset,Clique de 7 dias ou visualização de 1 dia,Leads (formulário),9,3064,1.44778068,4.67111111,42.04,4436,9,,30,2,2026-08-31,2026-08-31,
2026-08-30,LINS 17 KM | H-M | 18+,active,adset,Clique de 7 dias ou visualização de 1 dia,Conversas por mensagem iniciadas,2,2010,1.23930348,11.095,22.19,2491,,2,10,1,2026-08-30,2026-08-30,
2026-08-30,Natação | Lins 17 KM | 18 + | Homens e Mulheres,active,adset,Clique de 7 dias ou visualização de 1 dia,Leads (formulário),3,2620,1.36412214,10.73666667,32.21,3574,3,,25,0,2026-08-30,2026-08-30,
2026-08-30,Personal | Lins 17 KM | 18+ a 55 | Homens e Mulheres,active,adset,Clique de 7 dias ou visualização de 1 dia,Leads (formulário),5,2515,1.35387674,11.142,55.71,3405,5,,42,0,2026-08-30,2026-08-30,
2026-08-30,[LINS 17KM] [H-M],active,adset,Clique de 1 dia,Visitas ao perfil do Instagram,22,1242,1.05394525,0.32545455,7.16,1309,,,20,1,2026-08-30,2026-08-30,
2026-08-29,Personal | Lins 17 KM | 18+ a 55 | Homens e Mulheres,active,adset,Clique de 7 dias ou visualização de 1 dia,Leads (formulário),7,1402,1.28887304,4.98285714,34.88,1807,7,,33,0,2026-08-29,2026-08-29,
2026-08-29,[LINS 17KM] [H-M],active,adset,Clique de 1 dia,Visitas ao perfil do Instagram,43,1044,1.06417625,0.15023256,6.46,1111,,,33,1,2026-08-29,2026-08-29,
2026-08-29,Natação | Lins 17 KM | 18 + | Homens e Mulheres,active,adset,Clique de 7 dias ou visualização de 1 dia,Leads (formulário),3,1796,1.24164811,9.02666667,27.08,2230,3,,16,1,2026-08-29,2026-08-29,
2026-08-29,LINS 17 KM | H-M | 18+,active,adset,Clique de 7 dias ou visualização de 1 dia,Conversas por mensagem iniciadas,3,2242,1.26895629,7.81,23.43,2845,,3,25,0,2026-08-29,2026-08-29,
2026-08-28,[LINS 17KM] [H-M],active,adset,Clique de 1 dia,Visitas ao perfil do Instagram,28,1081,1.02035153,0.26607143,7.45,1103,,,24,1,2026-08-28,2026-08-28,
2026-08-28,Personal | Lins 17 KM | 18+ a 55 | Homens e Mulheres,active,adset,Clique de 7 dias ou visualização de 1 dia,Leads (formulário),4,1593,1.18769617,9.6775,38.71,1892,4,,31,0,2026-08-28,2026-08-28,
2026-08-28,LINS 17 KM | H-M | 18+,active,adset,Clique de 7 dias ou visualização de 1 dia,Conversas por mensagem iniciadas,1,1349,1.3573017,15.18,15.18,1831,,1,6,0,2026-08-28,2026-08-28,
2026-08-28,Natação | Lins 17 KM | 18 + | Homens e Mulheres,active,adset,Clique de 7 dias ou visualização de 1 dia,Leads (formulário),3,1935,1.30439276,10.02333333,30.07,2524,3,,24,0,2026-08-28,2026-08-28,
2026-08-28,Aberto - Lins 17km [18+][H-M] — V2,inactive,adset,Clique de 7 dias ou visualização de 1 dia,Conversas por mensagem iniciadas,3,754,1.09018568,2.14,6.42,822,,3,4,1,2026-08-28,2026-08-28,
2026-08-27,Aberto - Lins 17km [18+][H-M] — V2,inactive,adset,Clique de 7 dias ou visualização de 1 dia,Conversas por mensagem iniciadas,2,1100,1.18181818,5.22,10.44,1300,,2,6,2,2026-08-27,2026-08-27,
2026-08-27,LINS 17 KM | H-M | 18+,active,adset,Clique de 7 dias ou visualização de 1 dia,Conversas por mensagem iniciadas,3,1895,1.21108179,7.01666667,21.05,2295,,3,8,1,2026-08-27,2026-08-27,
2026-08-27,Natação | Lins 17 KM | 18 + | Homens e Mulheres,active,adset,Clique de 7 dias ou visualização de 1 dia,Leads (formulário),1,2937,1.24991488,31.82,31.82,3671,1,,23,0,2026-08-27,2026-08-27,
2026-08-27,Personal | Lins 17 KM | 18+ a 55 | Homens e Mulheres,active,adset,Clique de 7 dias ou visualização de 1 dia,Leads (formulário),5,2342,1.3176772,8.776,43.88,3086,5,,29,0,2026-08-27,2026-08-27,
2026-08-27,[LINS 17KM] [H-M],active,adset,Clique de 1 dia,Visitas ao perfil do Instagram,27,920,1.05434783,0.21888889,5.91,970,,,16,0,2026-08-27,2026-08-27,
2026-08-26,Natação | Lins 17 KM | 18 + | Homens e Mulheres,active,adset,Clique de 7 dias ou visualização de 1 dia,Leads (formulário),1,2635,1.22087287,30.52,30.52,3217,1,,20,3,2026-08-26,2026-08-26,
2026-08-26,[LINS 17KM] [H-M],active,adset,Clique de 1 dia,Visitas ao perfil do Instagram,25,1083,1.08679594,0.2752,6.88,1177,,,24,0,2026-08-26,2026-08-26,
2026-08-26,Personal | Lins 17 KM | 18+ a 55 | Homens e Mulheres,active,adset,Clique de 7 dias ou visualização de 1 dia,Leads (formulário),5,1626,1.21586716,6.61,33.05,1977,5,,34,3,2026-08-26,2026-08-26,
2026-08-26,LINS 17 KM | H-M | 18+,active,adset,Clique de 7 dias ou visualização de 1 dia,Conversas por mensagem iniciadas,6,2136,1.30992509,4.57666667,27.46,2798,,6,20,0,2026-08-26,2026-08-26,
2026-08-26,Aberto - Lins 17km [18+][H-M] — V2,inactive,adset,Clique de 7 dias ou visualização de 1 dia,,,1426,1.13253857,,11.85,1615,,,1,0,2026-08-26,2026-08-26,
2026-08-25,Aberto - Lins 17km [18+][H-M] — V2,inactive,adset,Clique de 7 dias ou visualização de 1 dia,,,1380,1.14855072,,12.33,1585,,,3,0,2026-08-25,2026-08-25,
2026-08-25,LINS 17 KM | H-M | 18+,active,adset,Clique de 7 dias ou visualização de 1 dia,Conversas por mensagem iniciadas,7,2877,1.27146333,4.60857143,32.26,3658,,7,27,0,2026-08-25,2026-08-25,
2026-08-25,Natação | Lins 17 KM | 18 + | Homens e Mulheres,active,adset,Clique de 7 dias ou visualização de 1 dia,Leads (formulário),5,2412,1.29063018,5.77,28.85,3113,5,,23,0,2026-08-25,2026-08-25,
2026-08-25,Personal | Lins 17 KM | 18+ a 55 | Homens e Mulheres,active,adset,Clique de 7 dias ou visualização de 1 dia,Leads (formulário),5,2183,1.30691709,9.226,46.13,2853,5,,34,1,2026-08-25,2026-08-25,
2026-08-25,[LINS 17KM] [H-M],active,adset,Clique de 1 dia,Visitas ao perfil do Instagram,24,1232,1.03246753,0.325,7.8,1272,,,23,1,2026-08-25,2026-08-25,
2026-08-24,[LINS 17KM] [H-M],active,adset,Clique de 1 dia,Visitas ao perfil do Instagram,22,1209,1.06782465,0.27909091,6.14,1291,,,19,0,2026-08-24,2026-08-24,
2026-08-24,Aberto - Lins 17km [18+][H-M] — V2,inactive,adset,Clique de 7 dias ou visualização de 1 dia,,,1436,1.12952646,,11.2,1622,,,6,0,2026-08-24,2026-08-24,
2026-08-24,LINS 17 KM | H-M | 18+,active,adset,Clique de 7 dias ou visualização de 1 dia,Conversas por mensagem iniciadas,5,3514,1.17899829,7.948,39.74,4143,,5,22,0,2026-08-24,2026-08-24,
2026-08-24,Natação | Lins 17 KM | 18 + | Homens e Mulheres,active,adset,Clique de 7 dias ou visualização de 1 dia,Leads (formulário),1,2566,1.23304754,31.36,31.36,3164,1,,22,1,2026-08-24,2026-08-24,
2026-08-24,Personal | Lins 17 KM | 18+ a 55 | Homens e Mulheres,active,adset,Clique de 7 dias ou visualização de 1 dia,Leads (formulário),4,1801,1.3420322,9.6825,38.73,2417,4,,33,2,2026-08-24,2026-08-24,
2026-08-23,Natação | Lins 17 KM | 18 + | Homens e Mulheres,active,adset,Clique de 7 dias ou visualização de 1 dia,Leads (formulário),3,2621,1.26516597,11.21333333,33.64,3316,3,,20,1,2026-08-23,2026-08-23,
2026-08-23,[LINS 17KM] [H-M],active,adset,Clique de 1 dia,Visitas ao perfil do Instagram,30,1512,1.0462963,0.273,8.19,1582,,,20,1,2026-08-23,2026-08-23,
2026-08-23,Personal | Lins 17 KM | 18+ a 55 | Homens e Mulheres,active,adset,Clique de 7 dias ou visualização de 1 dia,Leads (formulário),1,2609,1.18704484,42.61,42.61,3097,1,,41,2,2026-08-23,2026-08-23,
2026-08-23,LINS 17 KM | H-M | 18+,active,adset,Clique de 7 dias ou visualização de 1 dia,Conversas por mensagem iniciadas,4,2113,1.21864647,5.3475,21.39,2575,,4,14,0,2026-08-23,2026-08-23,
2026-08-23,Aberto - Lins 17km [18+][H-M] — V2,inactive,adset,Clique de 7 dias ou visualização de 1 dia,,,1001,1.15084915,,8.09,1152,,,6,0,2026-08-23,2026-08-23,
2026-08-22,Aberto - Lins 17km [18+][H-M] — V2,inactive,adset,Clique de 7 dias ou visualização de 1 dia,Conversas por mensagem iniciadas,1,1273,1.1264729,10.46,10.46,1434,,1,8,1,2026-08-22,2026-08-22,
2026-08-22,LINS 17 KM | H-M | 18+,active,adset,Clique de 7 dias ou visualização de 1 dia,Conversas por mensagem iniciadas,2,1909,1.26191723,10.16,20.32,2409,,2,10,1,2026-08-22,2026-08-22,
2026-08-22,Natação | Lins 17 KM | 18 + | Homens e Mulheres,active,adset,Clique de 7 dias ou visualização de 1 dia,Leads (formulário),3,2176,1.23805147,9.64666667,28.94,2694,3,,22,0,2026-08-22,2026-08-22,
2026-08-22,Personal | Lins 17 KM | 18+ a 55 | Homens e Mulheres,active,adset,Clique de 7 dias ou visualização de 1 dia,Leads (formulário),2,1756,1.27050114,16.68,33.36,2231,2,,30,1,2026-08-22,2026-08-22,
2026-08-22,[LINS 17KM] [H-M],active,adset,Clique de 1 dia,Visitas ao perfil do Instagram,31,1258,1.04372019,0.23709677,7.35,1313,,,27,1,2026-08-22,2026-08-22,
2026-08-21,[LINS 17KM] [H-M],active,adset,Clique de 1 dia,Visitas ao perfil do Instagram,37,1258,1.03656598,0.20162162,7.46,1304,,,31,1,2026-08-21,2026-08-21,
2026-08-21,Natação | Lins 17 KM | 18 + | Homens e Mulheres,active,adset,Clique de 7 dias ou visualização de 1 dia,Leads (formulário),2,1949,1.24166239,13.5,27,2420,2,,20,0,2026-08-21,2026-08-21,
2026-08-21,Personal | Lins 17 KM | 18+ a 55 | Homens e Mulheres,active,adset,Clique de 7 dias ou visualização de 1 dia,Leads (formulário),3,1693,1.29828706,12.72333333,38.17,2198,3,,32,2,2026-08-21,2026-08-21,
2026-08-21,LINS 17 KM | H-M | 18+,active,adset,Clique de 7 dias ou visualização de 1 dia,Conversas por mensagem iniciadas,10,3448,1.24448956,3.522,35.22,4291,,10,27,0,2026-08-21,2026-08-21,
2026-08-21,Aberto - Lins 17km [18+][H-M] — V2,inactive,adset,Clique de 7 dias ou visualização de 1 dia,Conversas por mensagem iniciadas,1,881,1.24631101,9.17,9.17,1098,,1,1,0,2026-08-21,2026-08-21,
2026-08-20,Aberto - Lins 17km [18+][H-M] — V2,inactive,adset,Clique de 7 dias ou visualização de 1 dia,Conversas por mensagem iniciadas,4,928,1.2575431,2.3575,9.43,1167,,4,9,0,2026-08-20,2026-08-20,
2026-08-20,LINS 17 KM | H-M | 18+,active,adset,Clique de 7 dias ou visualização de 1 dia,Conversas por mensagem iniciadas,3,1347,1.52041574,6.79333333,20.38,2048,,3,12,0,2026-08-20,2026-08-20,
2026-08-20,Natação | Lins 17 KM | 18 + | Homens e Mulheres,active,adset,Clique de 7 dias ou visualização de 1 dia,Leads (formulário),3,2016,1.2921627,8.69666667,26.09,2605,3,,18,1,2026-08-20,2026-08-20,
2026-08-20,Personal | Lins 17 KM | 18+ a 55 | Homens e Mulheres,active,adset,Clique de 7 dias ou visualização de 1 dia,Leads (formulário),2,1892,1.27748414,19.19,38.38,2417,2,,32,1,2026-08-20,2026-08-20,
2026-08-20,[LINS 17KM] [H-M],active,adset,Clique de 1 dia,Visitas ao perfil do Instagram,42,1406,1.05974395,0.20857143,8.76,1490,,,38,1,2026-08-20,2026-08-20,
2026-08-19,[LINS 17KM] [H-M],active,adset,Clique de 1 dia,Visitas ao perfil do Instagram,29,1227,1.04400978,0.24689655,7.16,1281,,,23,0,2026-08-19,2026-08-19,
2026-08-19,Aberto - Lins 17km [18+][H-M] — V2,inactive,adset,Clique de 7 dias ou visualização de 1 dia,Conversas por mensagem iniciadas,1,276,1.22463768,4.23,4.23,338,,1,1,0,2026-08-19,2026-08-19,
2026-08-19,LINS 17 KM | H-M | 18+,active,adset,Clique de 7 dias ou visualização de 1 dia,Conversas por mensagem iniciadas,11,3150,1.35238095,3.73454545,41.08,4260,,11,29,0,2026-08-19,2026-08-19,
2026-08-19,Natação | Lins 17 KM | 18 + | Homens e Mulheres,active,adset,Clique de 7 dias ou visualização de 1 dia,,,2157,1.3449235,,23.43,2901,,,19,2,2026-08-19,2026-08-19,
2026-08-19,Personal | Lins 17 KM | 18+ a 55 | Homens e Mulheres,active,adset,Clique de 7 dias ou visualização de 1 dia,Leads (formulário),5,2268,1.26058201,9.218,46.09,2859,5,,37,1,2026-08-19,2026-08-19,
2026-08-18,Personal | Lins 17 KM | 18+ a 55 | Homens e Mulheres,active,adset,Clique de 7 dias ou visualização de 1 dia,Leads (formulário),6,2103,1.30052306,5.41833333,32.51,2735,6,,27,0,2026-08-18,2026-08-18,
2026-08-18,[LINS 17KM] [H-M],active,adset,Clique de 1 dia,Visitas ao perfil do Instagram,30,1251,1.06394884,0.21233333,6.37,1331,,,23,0,2026-08-18,2026-08-18,
2026-08-18,Natação | Lins 17 KM | 18 + | Homens e Mulheres,active,adset,Clique de 7 dias ou visualização de 1 dia,Leads (formulário),2,2606,1.16807368,10.505,21.01,3044,2,,14,3,2026-08-18,2026-08-18,
2026-08-18,LINS 17 KM | H-M | 18+,active,adset,Clique de 7 dias ou visualização de 1 dia,Conversas por mensagem iniciadas,7,3567,1.38772077,8.01571429,56.11,4950,,7,31,2,2026-08-18,2026-08-18,
2026-08-17,LINS 17 KM | H-M | 18+,active,adset,Clique de 7 dias ou visualização de 1 dia,Conversas por mensagem iniciadas,7,2681,1.39873182,7.15857143,50.11,3750,,7,22,1,2026-08-17,2026-08-17,
2026-08-17,Natação | Lins 17 KM | 18 + | Homens e Mulheres,active,adset,Clique de 7 dias ou visualização de 1 dia,Leads (formulário),4,2557,1.27884239,6.1475,24.59,3270,4,,25,1,2026-08-17,2026-08-17,
2026-08-17,Personal | Lins 17 KM | 18+ a 55 | Homens e Mulheres,active,adset,Clique de 7 dias ou visualização de 1 dia,Leads (formulário),3,2224,1.33138489,13.14666667,39.44,2961,3,,30,0,2026-08-17,2026-08-17,
2026-08-17,[LINS 17KM] [H-M],active,adset,Clique de 1 dia,Visitas ao perfil do Instagram,33,808,1,0.12575758,4.15,808,,,23,1,2026-08-17,2026-08-17,
2026-08-16,[LINS 17KM] [H-M],active,adset,Clique de 1 dia,Visitas ao perfil do Instagram,61,1301,1.01076095,0.12639344,7.71,1315,,,48,2,2026-08-16,2026-08-16,
2026-08-16,LINS 17 KM | H-M | 18+,active,adset,Clique de 7 dias ou visualização de 1 dia,Conversas por mensagem iniciadas,1,1273,1.27808327,17.72,17.72,1627,,1,7,0,2026-08-16,2026-08-16,
2026-08-16,Natação | Lins 17 KM | 18 + | Homens e Mulheres,active,adset,Clique de 7 dias ou visualização de 1 dia,Leads (formulário),4,2462,1.20268075,6.2825,25.13,2961,4,,23,1,2026-08-16,2026-08-16,
2026-08-16,Personal | Lins 17 KM | 18+ a 55 | Homens e Mulheres,active,adset,Clique de 7 dias ou visualização de 1 dia,Leads (formulário),2,3350,1.2958209,27.505,55.01,4341,2,,57,1,2026-08-16,2026-08-16,
2026-08-15,[LINS 17KM] [H-M],active,adset,Clique de 1 dia,Visitas ao perfil do Instagram,69,948,1.01898734,0.08681159,5.99,966,,,53,1,2026-08-15,2026-08-15,
2026-08-15,Personal | Lins 17 KM | 18+ a 55 | Homens e Mulheres,active,adset,Clique de 7 dias ou visualização de 1 dia,Leads (formulário),3,2057,1.29606223,11.72333333,35.17,2666,3,,38,0,2026-08-15,2026-08-15,
2026-08-15,Natação | Lins 17 KM | 18 + | Homens e Mulheres,active,adset,Clique de 7 dias ou visualização de 1 dia,,,1994,1.26078235,,21.59,2514,,,18,0,2026-08-15,2026-08-15,
2026-08-15,LINS 17 KM | H-M | 18+,active,adset,Clique de 7 dias ou visualização de 1 dia,Conversas por mensagem iniciadas,4,2262,1.32625995,8.57,34.28,3000,,4,16,1,2026-08-15,2026-08-15,
2026-08-14,LINS 17 KM | H-M | 18+,active,adset,Clique de 7 dias ou visualização de 1 dia,Conversas por mensagem iniciadas,2,1782,1.29349046,12.71,25.42,2305,,2,7,1,2026-08-14,2026-08-14,
2026-08-14,Natação | Lins 17 KM | 18 + | Homens e Mulheres,active,adset,Clique de 7 dias ou visualização de 1 dia,Leads (formulário),2,1331,1.28474831,6.89,13.78,1710,2,,6,3,2026-08-14,2026-08-14,
2026-08-14,Personal | Lins 17 KM | 18+ a 55 | Homens e Mulheres,active,adset,Clique de 7 dias ou visualização de 1 dia,,,1910,1.37486911,,32.43,2626,,,31,0,2026-08-14,2026-08-14,
2026-08-14,[LINS 17KM] [H-M],active,adset,Clique de 1 dia,Visitas ao perfil do Instagram,75,936,1.02777778,0.08533333,6.4,962,,,60,4,2026-08-14,2026-08-14,
2026-08-13,Personal | Lins 17 KM | 18+ a 55 | Homens e Mulheres,active,adset,Clique de 7 dias ou visualização de 1 dia,Leads (formulário),8,2391,1.35424509,5.22375,41.79,3238,8,,36,0,2026-08-13,2026-08-13,
2026-08-13,[LINS 17KM] [H-M],active,adset,Clique de 1 dia,Visitas ao perfil do Instagram,50,816,1.04901961,0.1106,5.53,856,,,39,3,2026-08-13,2026-08-13,
2026-08-13,Natação | Lins 17 KM | 18 + | Homens e Mulheres,active,adset,Clique de 7 dias ou visualização de 1 dia,Leads (formulário),1,1487,1.30800269,16.36,16.36,1945,1,,12,0,2026-08-13,2026-08-13,
2026-08-13,LINS 17 KM | H-M | 18+,active,adset,Clique de 7 dias ou visualização de 1 dia,Conversas por mensagem iniciadas,3,1921,1.39354503,10.12333333,30.37,2677,,3,12,2,2026-08-13,2026-08-13,
2026-08-12,Natação | Lins 17 KM | 18 + | Homens e Mulheres,active,adset,Clique de 7 dias ou visualização de 1 dia,Leads (formulário),1,778,1.07455013,9.36,9.36,836,1,,7,0,2026-08-12,2026-08-12,
2026-08-12,[LINS 17KM] [H-M],active,adset,Clique de 1 dia,Visitas ao perfil do Instagram,56,881,1.0261067,0.09517857,5.33,904,,,40,2,2026-08-12,2026-08-12,
2026-08-12,LINS 17 KM | H-M | 18+,active,adset,Clique de 7 dias ou visualização de 1 dia,Conversas por mensagem iniciadas,4,2208,1.45788043,9.65,38.6,3219,,4,9,1,2026-08-12,2026-08-12,
2026-08-12,Personal | Lins 17 KM | 18+ a 55 | Homens e Mulheres,active,adset,Clique de 7 dias ou visualização de 1 dia,Leads (formulário),2,3931,1.23505469,24.235,48.47,4855,2,,37,0,2026-08-12,2026-08-12,
2026-08-11,Natação | Lins 17 KM | 18 + | Homens e Mulheres,active,adset,Clique de 7 dias ou visualização de 1 dia,Leads (formulário),1,995,1.08743719,9.57,9.57,1082,1,,7,2,2026-08-11,2026-08-11,
2026-08-11,LINS 17 KM | H-M | 18+,active,adset,Clique de 7 dias ou visualização de 1 dia,Conversas por mensagem iniciadas,12,3820,1.37565445,4.95,59.4,5255,,12,29,1,2026-08-11,2026-08-11,
2026-08-11,Personal | Lins 17 KM | 18+ a 55 | Homens e Mulheres,active,adset,Clique de 7 dias ou visualização de 1 dia,Leads (formulário),8,3896,1.34060575,6.90625,55.25,5223,8,,46,2,2026-08-11,2026-08-11,
2026-08-11,[LINS 17KM] [H-M],active,adset,Clique de 1 dia,Visitas ao perfil do Instagram,83,1231,1.04630382,0.09144578,7.59,1288,,,60,4,2026-08-11,2026-08-11,
2026-08-10,LINS 17 KM | H-M | 18+,active,adset,Clique de 7 dias ou visualização de 1 dia,Conversas por mensagem iniciadas,7,2425,1.35505155,6.97428571,48.82,3286,,7,18,1,2026-08-10,2026-08-10,
2026-08-10,Natação | Lins 17 KM | 18 + | Homens e Mulheres,active,adset,Clique de 7 dias ou visualização de 1 dia,Leads (formulário),1,1234,1.14910859,12.6,12.6,1418,1,,8,0,2026-08-10,2026-08-10,
2026-08-10,Personal | Lins 17 KM | 18+ a 55 | Homens e Mulheres,active,adset,Clique de 7 dias ou visualização de 1 dia,,,3179,1.22805914,,51.53,3904,,,47,0,2026-08-10,2026-08-10,
2026-08-10,[LINS 17KM] [H-M],active,adset,Clique de 1 dia,Visitas ao perfil do Instagram,91,1933,1.06880497,0.11131868,10.13,2066,,,74,2,2026-08-10,2026-08-10,
2026-08-09,LINS 17 KM | H-M | 18+,active,adset,Clique de 7 dias ou visualização de 1 dia,Conversas por mensagem iniciadas,4,1840,1.27282609,6.7375,26.95,2342,,4,16,1,2026-08-09,2026-08-09,
2026-08-09,Natação | Lins 17 KM | 18 + | Homens e Mulheres,active,adset,Clique de 7 dias ou visualização de 1 dia,,,823,1.10085055,,11.41,906,,,8,0,2026-08-09,2026-08-09,
2026-08-09,Personal | Lins 17 KM | 18+ a 55 | Homens e Mulheres,active,adset,Clique de 7 dias ou visualização de 1 dia,Leads (formulário),4,2490,1.18273092,12.465,49.86,2945,4,,49,0,2026-08-09,2026-08-09,
2026-08-09,[LINS 17KM] [H-M],active,adset,Clique de 1 dia,Visitas ao perfil do Instagram,35,1501,1.02265157,0.22914286,8.02,1535,,,35,1,2026-08-09,2026-08-09,
2026-08-08,Personal | Lins 17 KM | 18+ a 55 | Homens e Mulheres,active,adset,Clique de 7 dias ou visualização de 1 dia,Leads (formulário),2,1999,1.19209605,24.915,49.83,2383,2,,53,0,2026-08-08,2026-08-08,
2026-08-08,[LINS 17KM] [H-M],active,adset,Clique de 1 dia,Visitas ao perfil do Instagram,32,1242,1.04347826,0.2325,7.44,1296,,,22,1,2026-08-08,2026-08-08,
2026-08-08,Natação | Lins 17 KM | 18 + | Homens e Mulheres,active,adset,Clique de 7 dias ou visualização de 1 dia,,,760,1.06842105,,8.88,812,,,7,0,2026-08-08,2026-08-08,
2026-08-08,LINS 17 KM | H-M | 18+,active,adset,Clique de 7 dias ou visualização de 1 dia,Conversas por mensagem iniciadas,5,2682,1.2665921,7.346,36.73,3397,,5,22,0,2026-08-08,2026-08-08,
2026-08-07,LINS 17 KM | H-M | 18+,active,adset,Clique de 7 dias ou visualização de 1 dia,Conversas por mensagem iniciadas,4,2341,1.3310551,7.6525,30.61,3116,,4,17,0,2026-08-07,2026-08-07,
2026-08-07,Natação | Lins 17 KM | 18 + | Homens e Mulheres,active,adset,Clique de 7 dias ou visualização de 1 dia,Leads (formulário),2,744,1.10483871,4.745,9.49,822,2,,12,0,2026-08-07,2026-08-07,
2026-08-07,Personal | Lins 17 KM | 18+ a 55 | Homens e Mulheres,active,adset,Clique de 7 dias ou visualização de 1 dia,Leads (formulário),3,1735,1.18443804,12.83333333,38.5,2055,3,,27,0,2026-08-07,2026-08-07,
2026-08-07,[LINS 17KM] [H-M],active,adset,Clique de 1 dia,Visitas ao perfil do Instagram,34,1096,1.03010949,0.20852941,7.09,1129,,,30,1,2026-08-07,2026-08-07,
2026-08-06,LINS 17 KM | H-M | 18+,active,adset,Clique de 7 dias ou visualização de 1 dia,Conversas por mensagem iniciadas,5,2088,1.39272031,6.546,32.73,2908,,5,17,0,2026-08-06,2026-08-06,
2026-08-06,Natação | Lins 17 KM | 18 + | Homens e Mulheres,active,adset,Clique de 7 dias ou visualização de 1 dia,,,852,1.10680751,,9.27,943,,,5,0,2026-08-06,2026-08-06,
2026-08-06,Personal | Lins 17 KM | 18+ a 55 | Homens e Mulheres,active,adset,Clique de 7 dias ou visualização de 1 dia,Leads (formulário),3,3173,1.30003152,17.90666667,53.72,4125,3,,36,0,2026-08-06,2026-08-06,
2026-08-06,[LINS 17KM] [H-M],active,adset,Clique de 1 dia,Visitas ao perfil do Instagram,28,1171,1.01793339,0.24178571,6.77,1192,,,28,2,2026-08-06,2026-08-06,
2026-08-05,Personal | Lins 17 KM | 18+ a 55 | Homens e Mulheres,active,adset,Clique de 7 dias ou visualização de 1 dia,Leads (formulário),6,2406,1.29052369,6.99833333,41.99,3105,6,,35,1,2026-08-05,2026-08-05,
2026-08-05,[LINS 17KM] [H-M],active,adset,Clique de 1 dia,Visitas ao perfil do Instagram,28,953,1.00314795,0.20285714,5.68,956,,,25,0,2026-08-05,2026-08-05,
2026-08-05,Natação | Lins 17 KM | 18 + | Homens e Mulheres,active,adset,Clique de 7 dias ou visualização de 1 dia,Leads (formulário),2,931,1.12459721,4.04,8.08,1047,2,,3,0,2026-08-05,2026-08-05,
2026-08-05,LINS 17 KM | H-M | 18+,active,adset,Clique de 7 dias ou visualização de 1 dia,Conversas por mensagem iniciadas,3,2273,1.46458425,13.89666667,41.69,3329,,3,12,0,2026-08-05,2026-08-05,
2026-08-04,LINS 17 KM | H-M | 18+,active,adset,Clique de 7 dias ou visualização de 1 dia,Conversas por mensagem iniciadas,9,3795,1.43504611,5.61444444,50.53,5446,,9,39,3,2026-08-04,2026-08-04,
2026-08-04,Natação | Lins 17 KM | 18 + | Homens e Mulheres,active,adset,Clique de 7 dias ou visualização de 1 dia,Leads (formulário),2,1236,1.11407767,5.165,10.33,1377,2,,5,1,2026-08-04,2026-08-04,
2026-08-04,Personal | Lins 17 KM | 18+ a 55 | Homens e Mulheres,active,adset,Clique de 7 dias ou visualização de 1 dia,Leads (formulário),5,2977,1.34833725,10.654,53.27,4014,5,,46,1,2026-08-04,2026-08-04,
2026-08-04,[LINS 17KM] [H-M],active,adset,Clique de 1 dia,Visitas ao perfil do Instagram,33,1535,1.02540717,0.2330303,7.69,1574,,,34,1,2026-08-04,2026-08-04,
2026-08-03,[LINS 17KM] [H-M],active,adset,Clique de 1 dia,Visitas ao perfil do Instagram,40,1260,1.00634921,0.157,6.28,1268,,,37,2,2026-08-03,2026-08-03,
2026-08-03,LINS 17 KM | H-M | 18+,active,adset,Clique de 7 dias ou visualização de 1 dia,Conversas por mensagem iniciadas,4,1301,1.53036126,5.1325,20.53,1991,,4,9,0,2026-08-03,2026-08-03,
2026-08-03,Natação | Lins 17 KM | 18 + | Homens e Mulheres,active,adset,Clique de 7 dias ou visualização de 1 dia,Leads (formulário),2,1227,1.09861451,4.365,8.73,1348,2,,12,0,2026-08-03,2026-08-03,
2026-08-03,Personal | Lins 17 KM | 18+ a 55 | Homens e Mulheres,active,adset,Clique de 7 dias ou visualização de 1 dia,Leads (formulário),2,2897,1.26613738,20.745,41.49,3668,2,,35,0,2026-08-03,2026-08-03,
2026-08-02,[LINS 17KM] [H-M],active,adset,Clique de 1 dia,Visitas ao perfil do Instagram,37,1723,1.03482298,0.21702703,8.03,1783,,,33,0,2026-08-02,2026-08-02,
2026-08-02,Personal | Lins 17 KM | 18+ a 55 | Homens e Mulheres,active,adset,Clique de 7 dias ou visualização de 1 dia,Leads (formulário),3,3651,1.28731854,18.46,55.38,4700,3,,81,1,2026-08-02,2026-08-02,
2026-08-02,Natação | Lins 17 KM | 18 + | Homens e Mulheres,active,adset,Clique de 7 dias ou visualização de 1 dia,Leads (formulário),1,1330,1.11353383,11.97,11.97,1481,1,,13,0,2026-08-02,2026-08-02,
2026-08-02,LINS 17 KM | H-M | 18+,active,adset,Clique de 7 dias ou visualização de 1 dia,Conversas por mensagem iniciadas,11,3649,1.35023294,4.88545455,53.74,4927,,11,32,0,2026-08-02,2026-08-02,
2026-08-01,LINS 17 KM | H-M | 18+,active,adset,Clique de 7 dias ou visualização de 1 dia,Conversas por mensagem iniciadas,5,3268,1.32833537,8.03,40.15,4341,,5,28,1,2026-08-01,2026-08-01,
2026-08-01,Natação | Lins 17 KM | 18 + | Homens e Mulheres,active,adset,Clique de 7 dias ou visualização de 1 dia,Leads (formulário),1,1048,1.05152672,8.96,8.96,1102,1,,8,0,2026-08-01,2026-08-01,
2026-08-01,Personal | Lins 17 KM | 18+ a 55 | Homens e Mulheres,active,adset,Clique de 7 dias ou visualização de 1 dia,Leads (formulário),2,3357,1.26481978,23.325,46.65,4246,2,,50,1,2026-08-01,2026-08-01,
2026-08-01,[LINS 17KM] [H-M],active,adset,Clique de 1 dia,Visitas ao perfil do Instagram,33,1374,1.04585153,0.21636364,7.14,1437,,,31,2,2026-08-01,2026-08-01,
2026-07-31,Personal | Lins 17 KM | 18+ a 55 | Homens e Mulheres,active,adset,Clique de 7 dias ou visualização de 1 dia,Leads (formulário),4,3606,1.23544093,11.555,46.22,4455,4,,43,4,2026-07-31,2026-07-31,
2026-07-31,[LINS 17KM] [H-M],active,adset,Clique de 1 dia,Visitas ao perfil do Instagram,27,1068,1.02434457,0.24222222,6.54,1094,,,25,0,2026-07-31,2026-07-31,
2026-07-31,Natação | Lins 17 KM | 18 + | Homens e Mulheres,active,adset,Clique de 7 dias ou visualização de 1 dia,Leads (formulário),1,955,1.10994764,9.61,9.61,1060,1,,7,0,2026-07-31,2026-07-31,
2026-07-31,LINS 17 KM | H-M | 18+,active,adset,Clique de 7 dias ou visualização de 1 dia,Conversas por mensagem iniciadas,5,2417,1.40587505,7.086,35.43,3398,,5,25,3,2026-07-31,2026-07-31,
2026-07-30,Personal | Lins 17 KM | 18+ a 55 | Homens e Mulheres,active,adset,Clique de 7 dias ou visualização de 1 dia,Leads (formulário),4,3052,1.27785059,11.045,44.18,3900,4,,40,2,2026-07-30,2026-07-30,
2026-07-30,[LINS 17KM] [H-M],active,adset,Clique de 1 dia,Visitas ao perfil do Instagram,21,1124,1.01423488,0.29952381,6.29,1140,,,22,2,2026-07-30,2026-07-30,
2026-07-30,Natação | Lins 17 KM | 18 + | Homens e Mulheres,active,adset,Clique de 7 dias ou visualização de 1 dia,Leads (formulário),1,803,1.10460772,7.59,7.59,887,1,,5,0,2026-07-30,2026-07-30,
2026-07-30,LINS 17 KM | H-M | 18+,active,adset,Clique de 7 dias ou visualização de 1 dia,Conversas por mensagem iniciadas,2,1150,1.65391304,12.83,25.66,1902,,2,10,0,2026-07-30,2026-07-30,
2026-07-29,[LINS 17KM] [H-M],active,adset,Clique de 1 dia,Visitas ao perfil do Instagram,36,1194,1.01842546,0.18166667,6.54,1216,,,34,1,2026-07-29,2026-07-29,
2026-07-29,Personal | Lins 17 KM | 18+ a 55 | Homens e Mulheres,active,adset,Clique de 7 dias ou visualização de 1 dia,Leads (formulário),2,3978,1.34188034,25.025,50.05,5338,2,,36,4,2026-07-29,2026-07-29,
2026-07-29,Natação | Lins 17 KM | 18 + | Homens e Mulheres,active,adset,Clique de 7 dias ou visualização de 1 dia,,,932,1.06866953,,8.16,996,,,7,1,2026-07-29,2026-07-29,
2026-07-29,LINS 17 KM | H-M | 18+,active,adset,Clique de 7 dias ou visualização de 1 dia,Conversas por mensagem iniciadas,6,2486,1.48873693,7.705,46.23,3701,,6,22,0,2026-07-29,2026-07-29,
2026-07-28,LINS 17 KM | H-M | 18+,active,adset,Clique de 7 dias ou visualização de 1 dia,Conversas por mensagem iniciadas,6,2780,1.51654676,8.36833333,50.21,4216,,6,20,0,2026-07-28,2026-07-28,
2026-07-28,Natação | Lins 17 KM | 18 + | Homens e Mulheres,active,adset,Clique de 7 dias ou visualização de 1 dia,Leads (formulário),1,1010,1.07029703,9.24,9.24,1081,1,,12,1,2026-07-28,2026-07-28,
2026-07-28,Personal | Lins 17 KM | 18+ a 55 | Homens e Mulheres,active,adset,Clique de 7 dias ou visualização de 1 dia,Leads (formulário),5,3006,1.38755822,9.6,48,4171,5,,42,1,2026-07-28,2026-07-28,
2026-07-28,[LINS 17KM] [H-M],active,adset,Clique de 1 dia,Visitas ao perfil do Instagram,41,1299,1.02232487,0.17243902,7.07,1328,,,38,3,2026-07-28,2026-07-28,
2026-07-27,LINS 17 KM | H-M | 18+,active,adset,Clique de 7 dias ou visualização de 1 dia,Conversas por mensagem iniciadas,1,1902,1.53312303,36.09,36.09,2916,,1,17,0,2026-07-27,2026-07-27,
2026-07-27,Natação | Lins 17 KM | 18 + | Homens e Mulheres,active,adset,Clique de 7 dias ou visualização de 1 dia,Leads (formulário),1,1073,1.09692451,12.19,12.19,1177,1,,7,0,2026-07-27,2026-07-27,
2026-07-27,Personal | Lins 17 KM | 18+ a 55 | Homens e Mulheres,active,adset,Clique de 7 dias ou visualização de 1 dia,Leads (formulário),4,3116,1.45282413,11.3975,45.59,4527,4,,26,2,2026-07-27,2026-07-27,
2026-07-27,[LINS 17KM] [H-M],active,adset,Clique de 1 dia,Visitas ao perfil do Instagram,28,1422,1.02601969,0.27107143,7.59,1459,,,26,4,2026-07-27,2026-07-27,
2026-07-26,Personal | Lins 17 KM | 18+ a 55 | Homens e Mulheres,active,adset,Clique de 7 dias ou visualização de 1 dia,Leads (formulário),4,3835,1.39035202,13.36,53.44,5332,4,,42,3,2026-07-26,2026-07-26,
2026-07-26,[LINS 17KM] [H-M],active,adset,Clique de 1 dia,Visitas ao perfil do Instagram,32,1547,1.00711054,0.2446875,7.83,1558,,,33,0,2026-07-26,2026-07-26,
2026-07-26,Natação | Lins 17 KM | 18 + | Homens e Mulheres,active,adset,Clique de 7 dias ou visualização de 1 dia,Leads (formulário),1,1240,1.05645161,11.01,11.01,1310,1,,10,0,2026-07-26,2026-07-26,
2026-07-26,LINS 17 KM | H-M | 18+,active,adset,Clique de 7 dias ou visualização de 1 dia,Conversas por mensagem iniciadas,3,1961,1.29984702,11.18666667,33.56,2549,,3,17,0,2026-07-26,2026-07-26,
2026-07-25,LINS 17 KM | H-M | 18+,active,adset,Clique de 7 dias ou visualização de 1 dia,Conversas por mensagem iniciadas,8,2970,1.24040404,5.42,43.36,3684,,8,24,0,2026-07-25,2026-07-25,
2026-07-25,Natação | Lins 17 KM | 18 + | Homens e Mulheres,active,adset,Clique de 7 dias ou visualização de 1 dia,Leads (formulário),2,1069,1.08699719,4.715,9.43,1162,2,,8,0,2026-07-25,2026-07-25,
2026-07-25,Personal | Lins 17 KM | 18+ a 55 | Homens e Mulheres,active,adset,Clique de 7 dias ou visualização de 1 dia,Leads (formulário),6,2696,1.33642433,8.39833333,50.39,3603,6,,41,0,2026-07-25,2026-07-25,
2026-07-25,[LINS 17KM] [H-M],active,adset,Clique de 1 dia,Visitas ao perfil do Instagram,31,1203,1,0.2216129,6.87,1203,,,30,2,2026-07-25,2026-07-25,
2026-07-24,LINS 17 KM | H-M | 18+,active,adset,Clique de 7 dias ou visualização de 1 dia,Conversas por mensagem iniciadas,4,3221,1.23253648,8.9075,35.63,3970,,4,30,0,2026-07-24,2026-07-24,
2026-07-24,Natação | Lins 17 KM | 18 + | Homens e Mulheres,active,adset,Clique de 7 dias ou visualização de 1 dia,,,969,1.09391125,,8.11,1060,,,5,0,2026-07-24,2026-07-24,
2026-07-24,Personal | Lins 17 KM | 18+ a 55 | Homens e Mulheres,active,adset,Clique de 7 dias ou visualização de 1 dia,Leads (formulário),3,2907,1.53147575,16.7,50.1,4452,3,,42,2,2026-07-24,2026-07-24,
2026-07-24,[LINS 17KM] [H-M],active,adset,Clique de 1 dia,Visitas ao perfil do Instagram,22,1286,1.01010886,0.29863636,6.57,1299,,,22,1,2026-07-24,2026-07-24,
2026-07-23,Personal | Lins 17 KM | 18+ a 55 | Homens e Mulheres,active,adset,Clique de 7 dias ou visualização de 1 dia,Leads (formulário),3,2709,1.3237357,13.66666667,41,3586,3,,34,0,2026-07-23,2026-07-23,
2026-07-23,[LINS 17KM] [H-M],active,adset,Clique de 1 dia,Visitas ao perfil do Instagram,36,1180,1.03389831,0.19194444,6.91,1220,,,37,1,2026-07-23,2026-07-23,
2026-07-23,Natação | Lins 17 KM | 18 + | Homens e Mulheres,active,adset,Clique de 7 dias ou visualização de 1 dia,,,906,1.10927152,,8.54,1005,,,6,1,2026-07-23,2026-07-23,
2026-07-23,LINS 17 KM | H-M | 18+,active,adset,Clique de 7 dias ou visualização de 1 dia,Conversas por mensagem iniciadas,5,2744,1.21793003,7.028,35.14,3342,,5,18,0,2026-07-23,2026-07-23,
2026-07-22,LINS 17 KM | H-M | 18+,active,adset,Clique de 7 dias ou visualização de 1 dia,Conversas por mensagem iniciadas,7,3633,1.2268098,5.89142857,41.24,4457,,7,34,0,2026-07-22,2026-07-22,
2026-07-22,Natação | Lins 17 KM | 18 + | Homens e Mulheres,active,adset,Clique de 7 dias ou visualização de 1 dia,,,1232,1.10146104,,9.66,1357,,,4,1,2026-07-22,2026-07-22,
2026-07-22,Personal | Lins 17 KM | 18+ a 55 | Homens e Mulheres,active,adset,Clique de 7 dias ou visualização de 1 dia,Leads (formulário),3,3451,1.25586786,15.22333333,45.67,4334,3,,50,2,2026-07-22,2026-07-22,
2026-07-22,[LINS 17KM] [H-M],active,adset,Clique de 1 dia,Visitas ao perfil do Instagram,19,1229,1,0.37,7.03,1229,,,17,2,2026-07-22,2026-07-22,
2026-07-21,[LINS 17KM] [H-M],active,adset,Clique de 1 dia,Visitas ao perfil do Instagram,22,1384,1.00722543,0.32090909,7.06,1394,,,21,0,2026-07-21,2026-07-21,
2026-07-21,LINS 17 KM | H-M | 18+,active,adset,Clique de 7 dias ou visualização de 1 dia,Conversas por mensagem iniciadas,3,3524,1.32746879,14.89333333,44.68,4678,,3,29,0,2026-07-21,2026-07-21,
2026-07-21,Natação | Lins 17 KM | 18 + | Homens e Mulheres,active,adset,Clique de 7 dias ou visualização de 1 dia,Leads (formulário),2,1194,1.08542714,5.23,10.46,1296,2,,8,0,2026-07-21,2026-07-21,
2026-07-21,Personal | Lins 17 KM | 18+ a 55 | Homens e Mulheres,active,adset,Clique de 7 dias ou visualização de 1 dia,Leads (formulário),6,3427,1.24978115,8.03666667,48.22,4283,6,,67,0,2026-07-21,2026-07-21,
2026-07-20,[LINS 17KM] [H-M],active,adset,Clique de 1 dia,Visitas ao perfil do Instagram,37,1458,1.01097394,0.19324324,7.15,1474,,,36,3,2026-07-20,2026-07-20,
2026-07-20,Personal | Lins 17 KM | 18+ a 55 | Homens e Mulheres,active,adset,Clique de 7 dias ou visualização de 1 dia,Leads (formulário),3,3034,1.32135794,16.77666667,50.33,4009,3,,47,2,2026-07-20,2026-07-20,
2026-07-20,Natação | Lins 17 KM | 18 + | Homens e Mulheres,active,adset,Clique de 7 dias ou visualização de 1 dia,,,1232,1.06574675,,10.22,1313,,,7,0,2026-07-20,2026-07-20,
2026-07-20,LINS 17 KM | H-M | 18+,active,adset,Clique de 7 dias ou visualização de 1 dia,Conversas por mensagem iniciadas,8,2578,1.40069822,4.4,35.2,3611,,8,28,0,2026-07-20,2026-07-20,
2026-07-19,LINS 17 KM | H-M | 18+,active,adset,Clique de 7 dias ou visualização de 1 dia,Conversas por mensagem iniciadas,3,3050,1.40065574,10.53,31.59,4272,,3,38,0,2026-07-19,2026-07-19,
2026-07-19,Natação | Lins 17 KM | 18 + | Homens e Mulheres,active,adset,Clique de 7 dias ou visualização de 1 dia,Leads (formulário),1,985,1.11370558,10.29,10.29,1097,1,,6,0,2026-07-19,2026-07-19,
2026-07-19,Personal | Lins 17 KM | 18+ a 55 | Homens e Mulheres,active,adset,Clique de 7 dias ou visualização de 1 dia,Leads (formulário),3,3206,1.24048659,16.15666667,48.47,3977,3,,47,2,2026-07-19,2026-07-19,
2026-07-19,[LINS 17KM] [H-M],active,adset,Clique de 1 dia,Visitas ao perfil do Instagram,40,1518,1.04611331,0.1825,7.3,1588,,,39,0,2026-07-19,2026-07-19,
2026-07-18,Personal | Lins 17 KM | 18+ a 55 | Homens e Mulheres,active,adset,Clique de 7 dias ou visualização de 1 dia,Leads (formulário),5,2544,1.27555031,8.4,42,3245,5,,45,0,2026-07-18,2026-07-18,
2026-07-18,[LINS 17KM] [H-M],active,adset,Clique de 1 dia,Visitas ao perfil do Instagram,24,1216,1.04358553,0.28791667,6.91,1269,,,22,0,2026-07-18,2026-07-18,
2026-07-18,Natação | Lins 17 KM | 18 + | Homens e Mulheres,active,adset,Clique de 7 dias ou visualização de 1 dia,Leads (formulário),1,788,1.04060914,6.3,6.3,820,1,,3,0,2026-07-18,2026-07-18,
2026-07-18,LINS 17 KM | H-M | 18+,active,adset,Clique de 7 dias ou visualização de 1 dia,Conversas por mensagem iniciadas,3,2068,1.40425532,9.68,29.04,2904,,3,23,0,2026-07-18,2026-07-18,
2026-07-17,Personal | Lins 17 KM | 18+ a 55 | Homens e Mulheres,active,adset,Clique de 7 dias ou visualização de 1 dia,Leads (formulário),5,3163,1.21941195,9.57,47.85,3857,5,,42,0,2026-07-17,2026-07-17,
2026-07-17,[LINS 17KM] [H-M],active,adset,Clique de 1 dia,Visitas ao perfil do Instagram,35,1294,1.00772798,0.20885714,7.31,1304,,,33,4,2026-07-17,2026-07-17,
2026-07-17,Natação | Lins 17 KM | 18 + | Homens e Mulheres,active,adset,Clique de 7 dias ou visualização de 1 dia,Leads (formulário),1,1066,1.11350844,9.97,9.97,1187,1,,3,0,2026-07-17,2026-07-17,
2026-07-17,LINS 17 KM | H-M | 18+,active,adset,Clique de 7 dias ou visualização de 1 dia,,,2360,1.30677966,,31.85,3084,,,14,0,2026-07-17,2026-07-17,
2026-07-16,[LINS 17KM] [H-M],active,adset,Clique de 1 dia,Visitas ao perfil do Instagram,18,1556,1.02506427,0.41,7.38,1595,,,19,1,2026-07-16,2026-07-16,
2026-07-16,Personal | Lins 17 KM | 18+ a 55 | Homens e Mulheres,active,adset,Clique de 7 dias ou visualização de 1 dia,Leads (formulário),8,3322,1.18603251,6.0675,48.54,3940,8,,37,2,2026-07-16,2026-07-16,
2026-07-16,Natação | Lins 17 KM | 18 + | Homens e Mulheres,active,adset,Clique de 7 dias ou visualização de 1 dia,Leads (formulário),3,1100,1.11363636,3.64666667,10.94,1225,3,,8,0,2026-07-16,2026-07-16,
2026-07-16,LINS 17 KM | H-M | 18+,active,adset,Clique de 7 dias ou visualização de 1 dia,Conversas por mensagem iniciadas,5,2402,1.32223147,6.426,32.13,3176,,5,19,0,2026-07-16,2026-07-16,
2026-07-15,LINS 17 KM | H-M | 18+,active,adset,Clique de 7 dias ou visualização de 1 dia,Conversas por mensagem iniciadas,3,3678,1.2822186,12.74333333,38.23,4716,,3,28,0,2026-07-15,2026-07-15,
2026-07-15,Natação | Lins 17 KM | 18 + | Homens e Mulheres,active,adset,Clique de 7 dias ou visualização de 1 dia,Leads (formulário),2,850,1.12705882,4.45,8.9,958,2,,7,0,2026-07-15,2026-07-15,
2026-07-15,Personal | Lins 17 KM | 18+ a 55 | Homens e Mulheres,active,adset,Clique de 7 dias ou visualização de 1 dia,Leads (formulário),3,2613,1.25832377,12.31666667,36.95,3288,3,,24,1,2026-07-15,2026-07-15,
2026-07-15,[LINS 17KM] [H-M],active,adset,Clique de 1 dia,Visitas ao perfil do Instagram,33,1507,1.02256138,0.20909091,6.9,1541,,,32,1,2026-07-15,2026-07-15,
2026-07-14,LINS 17 KM | H-M | 18+,active,adset,Clique de 7 dias ou visualização de 1 dia,Conversas por mensagem iniciadas,7,4203,1.3480847,7.71285714,53.99,5666,,7,40,1,2026-07-14,2026-07-14,
2026-07-14,Natação | Lins 17 KM | 18 + | Homens e Mulheres,active,adset,Clique de 7 dias ou visualização de 1 dia,Leads (formulário),1,971,1.06179197,8.58,8.58,1031,1,,6,0,2026-07-14,2026-07-14,
2026-07-14,Personal | Lins 17 KM | 18+ a 55 | Homens e Mulheres,active,adset,Clique de 7 dias ou visualização de 1 dia,Leads (formulário),3,3572,1.2743561,13.23666667,39.71,4552,3,,30,2,2026-07-14,2026-07-14,
2026-07-14,[LINS 17KM] [H-M],active,adset,Clique de 1 dia,Visitas ao perfil do Instagram,25,1617,1.02226345,0.2404,6.01,1653,,,25,0,2026-07-14,2026-07-14,
2026-07-13,Personal | Lins 17 KM | 18+ a 55 | Homens e Mulheres,active,adset,Clique de 7 dias ou visualização de 1 dia,Leads (formulário),8,4394,1.53186163,8.1025,64.82,6731,8,,49,2,2026-07-13,2026-07-13,
2026-07-13,[LINS 17KM] [H-M],active,adset,Clique de 1 dia,Visitas ao perfil do Instagram,31,1657,1.02595051,0.23322581,7.23,1700,,,28,0,2026-07-13,2026-07-13,
2026-07-13,Natação | Lins 17 KM | 18 + | Homens e Mulheres,active,adset,Clique de 7 dias ou visualização de 1 dia,,,1194,1.06532663,,10.3,1272,,,10,0,2026-07-13,2026-07-13,
2026-07-13,LINS 17 KM | H-M | 18+,active,adset,Clique de 7 dias ou visualização de 1 dia,Conversas por mensagem iniciadas,8,3117,1.24286173,4.79125,38.33,3874,,8,26,0,2026-07-13,2026-07-13,
2026-07-12,LINS 17 KM | H-M | 18+,active,adset,Clique de 7 dias ou visualização de 1 dia,Conversas por mensagem iniciadas,3,3203,1.39244458,14.50666667,43.52,4460,,3,28,0,2026-07-12,2026-07-12,
2026-07-12,Natação | Lins 17 KM | 18 + | Homens e Mulheres,active,adset,Clique de 7 dias ou visualização de 1 dia,Leads (formulário),3,1522,1.08015769,3.87,11.61,1644,3,,12,0,2026-07-12,2026-07-12,
2026-07-12,Personal | Lins 17 KM | 18+ a 55 | Homens e Mulheres,active,adset,Clique de 7 dias ou visualização de 1 dia,Leads (formulário),4,3875,1.33419355,13.555,54.22,5170,4,,60,1,2026-07-12,2026-07-12,
2026-07-12,[LINS 17KM] [H-M],active,adset,Clique de 1 dia,Visitas ao perfil do Instagram,31,1586,1.08259773,0.23322581,7.23,1717,,,30,1,2026-07-12,2026-07-12,
2026-07-11,LINS 17 KM | H-M | 18+,active,adset,Clique de 7 dias ou visualização de 1 dia,Conversas por mensagem iniciadas,9,2633,1.26357767,3.09,27.81,3327,,9,25,0,2026-07-11,2026-07-11,
2026-07-11,Natação | Lins 17 KM | 18 + | Homens e Mulheres,active,adset,Clique de 7 dias ou visualização de 1 dia,,,660,1.04090909,,7.45,687,,,3,0,2026-07-11,2026-07-11,
2026-07-11,Personal | Lins 17 KM | 18+ a 55 | Homens e Mulheres,active,adset,Clique de 7 dias ou visualização de 1 dia,Leads (formulário),7,3191,1.19774365,8.50571429,59.54,3822,7,,55,1,2026-07-11,2026-07-11,
2026-07-11,[LINS 17KM] [H-M],active,adset,Clique de 1 dia,Visitas ao perfil do Instagram,35,1621,1.00246761,0.19657143,6.88,1625,,,35,2,2026-07-11,2026-07-11,
2026-07-10,Personal | Lins 17 KM | 18+ a 55 | Homens e Mulheres,active,adset,Clique de 7 dias ou visualização de 1 dia,Leads (formulário),1,2930,1.19351536,44.26,44.26,3497,1,,16,1,2026-07-10,2026-07-10,
2026-07-10,[LINS 17KM] [H-M],active,adset,Clique de 1 dia,Visitas ao perfil do Instagram,34,1416,1.00353107,0.20117647,6.84,1421,,,33,1,2026-07-10,2026-07-10,
2026-07-10,Natação | Lins 17 KM | 18 + | Homens e Mulheres,active,adset,Clique de 7 dias ou visualização de 1 dia,,,744,1.07795699,,10.96,802,,,9,0,2026-07-10,2026-07-10,
2026-07-10,LINS 17 KM | H-M | 18+,active,adset,Clique de 7 dias ou visualização de 1 dia,Conversas por mensagem iniciadas,2,2013,1.33134625,13.74,27.48,2680,,2,19,0,2026-07-10,2026-07-10,
2026-07-09,LINS 17 KM | H-M | 18+,active,adset,Clique de 7 dias ou visualização de 1 dia,Conversas por mensagem iniciadas,5,2227,1.36686125,5.996,29.98,3044,,5,18,1,2026-07-09,2026-07-09,
2026-07-09,Natação | Lins 17 KM | 18 + | Homens e Mulheres,active,adset,Clique de 7 dias ou visualização de 1 dia,,,964,1.07987552,,9.71,1041,,,9,0,2026-07-09,2026-07-09,
2026-07-09,Personal | Lins 17 KM | 18+ a 55 | Homens e Mulheres,active,adset,Clique de 7 dias ou visualização de 1 dia,Leads (formulário),9,3262,1.19895769,5.97666667,53.79,3911,9,,31,0,2026-07-09,2026-07-09,
2026-07-09,[LINS 17KM] [H-M],active,adset,Clique de 1 dia,Visitas ao perfil do Instagram,32,1388,1.05403458,0.220625,7.06,1463,,,31,2,2026-07-09,2026-07-09,
2026-07-08,[LINS 17KM] [H-M],active,adset,Clique de 1 dia,Visitas ao perfil do Instagram,48,1065,1,0.13791667,6.62,1065,,,48,2,2026-07-08,2026-07-08,
2026-07-08,LINS 17 KM | H-M | 18+,active,adset,Clique de 7 dias ou visualização de 1 dia,Conversas por mensagem iniciadas,4,3597,1.38698916,14.36,57.44,4989,,4,23,0,2026-07-08,2026-07-08,
2026-07-08,Natação | Lins 17 KM | 18 + | Homens e Mulheres,active,adset,Clique de 7 dias ou visualização de 1 dia,,,1044,1.11206897,,10.12,1161,,,6,1,2026-07-08,2026-07-08,
2026-07-08,Personal | Lins 17 KM | 18+ a 55 | Homens e Mulheres,active,adset,Clique de 7 dias ou visualização de 1 dia,Leads (formulário),5,2996,1.28137517,9.784,48.92,3839,5,,21,1,2026-07-08,2026-07-08,
2026-07-07,[LINS 17KM] [H-M],active,adset,Clique de 1 dia,Visitas ao perfil do Instagram,21,1203,1.0315877,0.30857143,6.48,1241,,,21,0,2026-07-07,2026-07-07,
2026-07-07,Personal | Lins 17 KM | 18+ a 55 | Homens e Mulheres,active,adset,Clique de 7 dias ou visualização de 1 dia,Leads (formulário),5,2799,1.31225438,8.844,44.22,3673,5,,29,1,2026-07-07,2026-07-07,
2026-07-07,Natação | Lins 17 KM | 18 + | Homens e Mulheres,active,adset,Clique de 7 dias ou visualização de 1 dia,Leads (formulário),1,1005,1.12338308,8.83,8.83,1129,1,,9,0,2026-07-07,2026-07-07,
2026-07-07,LINS 17 KM | H-M | 18+,active,adset,Clique de 7 dias ou visualização de 1 dia,Conversas por mensagem iniciadas,6,3683,1.24083627,10,60,4570,,6,18,2,2026-07-07,2026-07-07,
2026-07-06,LINS 17 KM | H-M | 18+,active,adset,Clique de 7 dias ou visualização de 1 dia,Conversas por mensagem iniciadas,2,2140,1.32663551,15.895,31.79,2839,,2,13,0,2026-07-06,2026-07-06,
2026-07-06,Natação | Lins 17 KM | 18 + | Homens e Mulheres,active,adset,Clique de 7 dias ou visualização de 1 dia,,,1031,1.11833172,,10.09,1153,,,6,0,2026-07-06,2026-07-06,
2026-07-06,Personal | Lins 17 KM | 18+ a 55 | Homens e Mulheres,active,adset,Clique de 7 dias ou visualização de 1 dia,Leads (formulário),1,2108,1.25664137,37.89,37.89,2649,1,,22,0,2026-07-06,2026-07-06,
2026-07-06,[LINS 17KM] [H-M],active,adset,Clique de 1 dia,Visitas ao perfil do Instagram,54,1136,1.04225352,0.14111111,7.62,1184,,,51,3,2026-07-06,2026-07-06,
2026-07-05,Personal | Lins 17 KM | 18+ a 55 | Homens e Mulheres,active,adset,Clique de 7 dias ou visualização de 1 dia,Leads (formulário),1,2425,1.14515464,45.51,45.51,2777,1,,22,3,2026-07-05,2026-07-05,
2026-07-05,[LINS 17KM] [H-M],active,adset,Clique de 1 dia,Visitas ao perfil do Instagram,39,1366,1.02489019,0.18820513,7.34,1400,,,39,3,2026-07-05,2026-07-05,
2026-07-05,Natação | Lins 17 KM | 18 + | Homens e Mulheres,active,adset,Clique de 7 dias ou visualização de 1 dia,Leads (formulário),1,1008,1.07539683,9.08,9.08,1084,1,,8,0,2026-07-05,2026-07-05,
2026-07-05,LINS 17 KM | H-M | 18+,active,adset,Clique de 7 dias ou visualização de 1 dia,Conversas por mensagem iniciadas,1,2740,1.25766423,32.32,32.32,3446,,1,15,1,2026-07-05,2026-07-05,
2026-07-04,Personal | Lins 17 KM | 18+ a 55 | Homens e Mulheres,active,adset,Clique de 7 dias ou visualização de 1 dia,Leads (formulário),5,1960,1.22142857,8.632,43.16,2394,5,,33,1,2026-07-04,2026-07-04,
2026-07-04,[LINS 17KM] [H-M],active,adset,Clique de 1 dia,Visitas ao perfil do Instagram,33,1218,1.04269294,0.20757576,6.85,1270,,,36,0,2026-07-04,2026-07-04,
2026-07-04,Natação | Lins 17 KM | 18 + | Homens e Mulheres,active,adset,Clique de 7 dias ou visualização de 1 dia,Leads (formulário),1,801,1.06866417,8.08,8.08,856,1,,6,0,2026-07-04,2026-07-04,
2026-07-04,LINS 17 KM | H-M | 18+,active,adset,Clique de 7 dias ou visualização de 1 dia,Conversas por mensagem iniciadas,6,2474,1.25383994,4.645,27.87,3102,,6,17,1,2026-07-04,2026-07-04,
2026-07-03,LINS 17 KM | H-M | 18+,active,adset,Clique de 7 dias ou visualização de 1 dia,Conversas por mensagem iniciadas,9,2062,1.26382153,3.50111111,31.51,2606,,9,20,0,2026-07-03,2026-07-03,
2026-07-03,Natação | Lins 17 KM | 18 + | Homens e Mulheres,active,adset,Clique de 7 dias ou visualização de 1 dia,,,1018,1.11394892,,8.94,1134,,,2,0,2026-07-03,2026-07-03,
2026-07-03,Personal | Lins 17 KM | 18+ a 55 | Homens e Mulheres,active,adset,Clique de 7 dias ou visualização de 1 dia,Leads (formulário),5,2048,1.28808594,8.228,41.14,2638,5,,39,3,2026-07-03,2026-07-03,
2026-07-03,[LINS 17KM] [H-M],active,adset,Clique de 1 dia,Visitas ao perfil do Instagram,27,1177,1.02463891,0.23814815,6.43,1206,,,28,1,2026-07-03,2026-07-03,
2026-07-02,LINS 17 KM | H-M | 18+,active,adset,Clique de 7 dias ou visualização de 1 dia,Conversas por mensagem iniciadas,5,2984,1.31300268,9.176,45.88,3918,,5,12,1,2026-07-02,2026-07-02,
2026-07-02,Natação | Lins 17 KM | 18 + | Homens e Mulheres,active,adset,Clique de 7 dias ou visualização de 1 dia,,,1031,1.1057226,,8.73,1140,,,6,0,2026-07-02,2026-07-02,
2026-07-02,Personal | Lins 17 KM | 18+ a 55 | Homens e Mulheres,active,adset,Clique de 7 dias ou visualização de 1 dia,Leads (formulário),3,2387,1.26728111,11.30666667,33.92,3025,3,,25,1,2026-07-02,2026-07-02,
2026-07-02,[LINS 17KM] [H-M],active,adset,Clique de 1 dia,Visitas ao perfil do Instagram,29,1314,1.02054795,0.23896552,6.93,1341,,,29,1,2026-07-02,2026-07-02,
2026-07-01,Personal | Lins 17 KM | 18+ a 55 | Homens e Mulheres,active,adset,Clique de 7 dias ou visualização de 1 dia,Leads (formulário),2,4265,1.25720985,21.96,43.92,5362,2,,25,1,2026-07-01,2026-07-01,
2026-07-01,[LINS 17KM] [H-M],active,adset,Clique de 1 dia,Visitas ao perfil do Instagram,35,1288,1.04891304,0.204,7.14,1351,,,34,1,2026-07-01,2026-07-01,
2026-07-01,LINS 17 KM | H-M | 18+,active,adset,Clique de 7 dias ou visualização de 1 dia,Conversas por mensagem iniciadas,2,2275,1.40263736,20.99,41.98,3191,,2,18,1,2026-07-01,2026-07-01,
2026-07-01,Natação | Lins 17 KM | 18 + | Homens e Mulheres,active,adset,Clique de 7 dias ou visualização de 1 dia,Leads (formulário),1,1169,1.13857998,10,10,1331,1,,4,0,2026-07-01,2026-07-01,
2026-06-30,LINS 17 KM | H-M | 18+,active,adset,Clique de 7 dias ou visualização de 1 dia,Conversas por mensagem iniciadas,4,3438,1.45317045,13.545,54.18,4996,,4,25,2,2026-06-30,2026-06-30,
2026-06-30,Natação | Lins 17 KM | 18 + | Homens e Mulheres,active,adset,Clique de 7 dias ou visualização de 1 dia,Leads (formulário),2,1164,1.14690722,5.73,11.46,1335,2,,11,0,2026-06-30,2026-06-30,
2026-06-30,Personal | Lins 17 KM | 18+ a 55 | Homens e Mulheres,active,adset,Clique de 7 dias ou visualização de 1 dia,Leads (formulário),5,4025,1.31403727,10.832,54.16,5289,5,,33,5,2026-06-30,2026-06-30,
2026-06-30,[LINS 17KM] [H-M],active,adset,Clique de 1 dia,Visitas ao perfil do Instagram,32,1299,1.02155504,0.22375,7.16,1327,,,35,0,2026-06-30,2026-06-30,
2026-06-29,LINS 17 KM | H-M | 18+,active,adset,Clique de 7 dias ou visualização de 1 dia,Conversas por mensagem iniciadas,3,1784,1.53026906,9.25,27.75,2730,,3,11,0,2026-06-29,2026-06-29,
2026-06-29,Natação | Lins 17 KM | 18 + | Homens e Mulheres,active,adset,Clique de 7 dias ou visualização de 1 dia,Leads (formulário),2,1171,1.09393681,5.255,10.51,1281,2,,10,0,2026-06-29,2026-06-29,
2026-06-29,Personal | Lins 17 KM | 18+ a 55 | Homens e Mulheres,active,adset,Clique de 7 dias ou visualização de 1 dia,Leads (formulário),4,4507,1.44552918,16.035,64.14,6515,4,,53,1,2026-06-29,2026-06-29,
2026-06-29,[LINS 17KM] [H-M],active,adset,Clique de 1 dia,Visitas ao perfil do Instagram,37,1286,1,0.18324324,6.78,1286,,,36,1,2026-06-29,2026-06-29,
2026-06-28,[LINS 17KM] [H-M],active,adset,Clique de 1 dia,Visitas ao perfil do Instagram,34,1426,1,0.22676471,7.71,1426,,,33,1,2026-06-28,2026-06-28,
2026-06-28,Personal | Lins 17 KM | 18+ a 55 | Homens e Mulheres,active,adset,Clique de 7 dias ou visualização de 1 dia,Leads (formulário),4,1869,1.31193151,13.3075,53.23,2452,4,,62,0,2026-06-28,2026-06-28,
2026-06-28,Natação | Lins 17 KM | 18 + | Homens e Mulheres,active,adset,Clique de 7 dias ou visualização de 1 dia,,,1014,1.09960552,,8.86,1115,,,7,0,2026-06-28,2026-06-28,
2026-06-28,LINS 17 KM | H-M | 18+,active,adset,Clique de 7 dias ou visualização de 1 dia,Conversas por mensagem iniciadas,1,2793,1.32581454,36.77,36.77,3703,,1,23,0,2026-06-28,2026-06-28,
2026-06-27,LINS 17 KM | H-M | 18+,active,adset,Clique de 7 dias ou visualização de 1 dia,Conversas por mensagem iniciadas,6,1155,1.42597403,2.925,17.55,1647,,6,17,0,2026-06-27,2026-06-27,
2026-06-27,Natação | Lins 17 KM | 18 + | Homens e Mulheres,active,adset,Clique de 7 dias ou visualização de 1 dia,,,560,1.11071429,,6.11,622,,,8,0,2026-06-27,2026-06-27,
2026-06-27,Personal | Lins 17 KM | 18+ a 55 | Homens e Mulheres,active,adset,Clique de 7 dias ou visualização de 1 dia,Leads (formulário),1,2022,1.35113749,51.2,51.2,2732,1,,46,0,2026-06-27,2026-06-27,
2026-06-27,Hidro | WhatsApp | Lins 17 KM | 18+ | Homens e Mulheres,not_delivering,adset,Clique de 7 dias ou visualização de 1 dia,Conversas por mensagem iniciadas,1,0,0,0,0,0,,1,,0,2026-06-27,2026-06-27,
2026-06-27,[LINS 17KM] [H-M],active,adset,Clique de 1 dia,Visitas ao perfil do Instagram,41,1103,1.00453309,0.15707317,6.44,1108,,,37,4,2026-06-27,2026-06-27,
2026-06-26,LINS 17 KM | H-M | 18+,active,adset,Clique de 7 dias ou visualização de 1 dia,Conversas por mensagem iniciadas,1,1478,1.32341001,22.22,22.22,1956,,1,11,1,2026-06-26,2026-06-26,
2026-06-26,Natação | Lins 17 KM | 18 + | Homens e Mulheres,active,adset,Clique de 7 dias ou visualização de 1 dia,Leads (formulário),1,699,1.07439199,7.2,7.2,751,1,,5,0,2026-06-26,2026-06-26,
2026-06-26,Personal | Lins 17 KM | 18+ a 55 | Homens e Mulheres,active,adset,Clique de 7 dias ou visualização de 1 dia,Leads (formulário),2,1688,1.33708531,21.155,42.31,2257,2,,41,0,2026-06-26,2026-06-26,
2026-06-26,[LINS 17KM] [H-M],active,adset,Clique de 1 dia,Visitas ao perfil do Instagram,31,1184,1.02871622,0.22612903,7.01,1218,,,31,1,2026-06-26,2026-06-26,
2026-06-25,[LINS 17KM] [H-M],active,adset,Clique de 1 dia,Visitas ao perfil do Instagram,33,1148,1.01916376,0.21,6.93,1170,,,32,1,2026-06-25,2026-06-25,
2026-06-25,Hidro | WhatsApp | Lins 17 KM | 18+ | Homens e Mulheres,not_delivering,adset,Clique de 7 dias ou visualização de 1 dia,Conversas por mensagem iniciadas,1,0,0,0,0,0,,1,,0,2026-06-25,2026-06-25,
2026-06-25,Natação | Lins 17 KM | 18 + | Homens e Mulheres,active,adset,Clique de 7 dias ou visualização de 1 dia,Leads (formulário),1,1034,1.07930368,10.87,10.87,1116,1,,8,0,2026-06-25,2026-06-25,
2026-06-25,Personal | Lins 17 KM | 18+ a 55 | Homens e Mulheres,active,adset,Clique de 7 dias ou visualização de 1 dia,Leads (formulário),3,2455,1.43828921,17.1,51.3,3531,3,,25,2,2026-06-25,2026-06-25,
2026-06-25,LINS 17 KM | H-M | 18+,active,adset,Clique de 7 dias ou visualização de 1 dia,Conversas por mensagem iniciadas,2,1965,1.44834606,18.93,37.86,2846,,2,10,1,2026-06-25,2026-06-25,
2026-06-24,LINS 17 KM | H-M | 18+,active,adset,Clique de 7 dias ou visualização de 1 dia,Conversas por mensagem iniciadas,2,1825,1.55287671,19.81,39.62,2834,,2,10,1,2026-06-24,2026-06-24,
2026-06-24,Natação | Lins 17 KM | 18 + | Homens e Mulheres,active,adset,Clique de 7 dias ou visualização de 1 dia,Leads (formulário),1,772,1.1865285,8.22,8.22,916,1,,8,0,2026-06-24,2026-06-24,
2026-06-24,Personal | Lins 17 KM | 18+ a 55 | Homens e Mulheres,active,adset,Clique de 7 dias ou visualização de 1 dia,,,2910,1.26597938,,36.26,3684,,,22,0,2026-06-24,2026-06-24,
2026-06-24,Hidro | WhatsApp | Lins 17 KM | 18+ | Homens e Mulheres,not_delivering,adset,Clique de 7 dias ou visualização de 1 dia,Conversas por mensagem iniciadas,1,0,0,0,0,0,,1,,0,2026-06-24,2026-06-24,
2026-06-24,[LINS 17KM] [H-M],active,adset,Clique de 1 dia,Visitas ao perfil do Instagram,37,1018,1.021611,0.17702703,6.55,1040,,,37,1,2026-06-24,2026-06-24,
2026-06-23,LINS 17 KM | H-M | 18+,active,adset,Clique de 7 dias ou visualização de 1 dia,Conversas por mensagem iniciadas,3,2912,1.50927198,21.05333333,63.16,4395,,3,17,0,2026-06-23,2026-06-23,
2026-06-23,Natação | Lins 17 KM | 18 + | Homens e Mulheres,active,adset,Clique de 7 dias ou visualização de 1 dia,,,819,1.17094017,,11.06,959,,,9,0,2026-06-23,2026-06-23,
2026-06-23,Personal | Lins 17 KM | 18+ a 55 | Homens e Mulheres,active,adset,Clique de 7 dias ou visualização de 1 dia,Leads (formulário),4,3947,1.31973651,11.3875,45.55,5209,4,,38,1,2026-06-23,2026-06-23,
2026-06-23,[LINS 17KM] [H-M],active,adset,Clique de 1 dia,Visitas ao perfil do Instagram,48,1143,1.02624672,0.15166667,7.28,1173,,,50,2,2026-06-23,2026-06-23,
2026-06-22,Hidro | WhatsApp | Lins 17 KM | 18+ | Homens e Mulheres,not_delivering,adset,Clique de 7 dias ou visualização de 1 dia,Conversas por mensagem iniciadas,1,1370,1.47810219,26.39,26.39,2025,,1,8,0,2026-06-22,2026-06-22,
2026-06-22,Personal | Lins 17 KM | 18 + | Homens e Mulheres,not_delivering,adset,Clique de 7 dias ou visualização de 1 dia,Leads (formulário),2,1076,1.18959108,11.835,23.67,1280,2,,23,0,2026-06-22,2026-06-22,
2026-06-22,Natação | Lins 17 KM | 18 + | Homens e Mulheres,not_delivering,adset,Clique de 7 dias ou visualização de 1 dia,,,689,1.13642961,,6.08,783,,,4,1,2026-06-22,2026-06-22,
2026-06-22,Personal | Lins 17 KM | 18+ a 55 | Homens e Mulheres,active,adset,Clique de 7 dias ou visualização de 1 dia,Leads (formulário),3,3422,1.25920514,9.59333333,28.78,4309,3,,21,0,2026-06-22,2026-06-22,
2026-06-22,Natação | Lins 17 KM | 18 + | Homens e Mulheres,active,adset,Clique de 7 dias ou visualização de 1 dia,,,778,1.09511568,,7.53,852,,,3,0,2026-06-22,2026-06-22,
2026-06-22,LINS 17 KM | H-M | 18+,active,adset,Clique de 7 dias ou visualização de 1 dia,Conversas por mensagem iniciadas,1,1189,1.25399495,21.84,21.84,1491,,1,6,0,2026-06-22,2026-06-22,
2026-06-22,[LINS 17KM] [H-M],active,adset,Clique de 1 dia,Visitas ao perfil do Instagram,47,1171,1.05123826,0.15787234,7.42,1231,,,50,2,2026-06-22,2026-06-22,
