 MILLENE,,,,,,,,,,,,,,DUDA,,,,,,,,,,,,,,SUPERAÇÃO,,,,,,,,,,,,
DATA,PL. FINANCEIRO,ALUNO,FONTE/FECHAMENTO DO LEAD,PLANO,OPÇÃO,MENSALIDADE,PÓS PAGO,CONTATO/RESPONSAVEL,FORMA DE PAGAMENTO,DIA,STATUS,OBSERVAÇÃO,,DATA,PL. FINANCEIRO,ALUNO,FONTE/FECHAMENTO DO LEAD,PLANO,OPÇÃO,MENSALIDADE,PÓS PAGO,CONTATO/RESPONSAVEL,FORMA DE PAGAMENTO,DIA,STATUS,OBSERVAÇÃO,,DATA,PL. FINANCEIRO,ALUNO,FONTE DO LEAD,PLANO,OPÇÃO,MENSALIDADE,PÓS,CONTATO,PAGAMENTO,DIA,STATUS,OBSERVAÇÃO
01/10/2026,,Fabiana Cristina de Arruda,"Trafego, L-FUP",SKY,ANUAL,"R$ 167,00",,(14) 99166-1751,PIX+BOLETOS,08/10/2026,NEGOCIAÇÃO,"pediu 14h30 e confirmei com Brunin, mas depois ele disse que entendeu 16h30 e não consegue antes disso",,01/10/2026,,Jair Antonio Vicente,Indicação,HIDRO 1x,ANUAL,"R$ 129,00",,Duda comercial (Meu padrasto) ,RECORRENTE,,NEGOCIAÇÃO,,,05/10/2026,OK,Nayla Navarro de Oliveira,UpSell,DIA ADICIONAL,ANUAL,"R$ 50,00",,(14) 99612-8228,RECORRENTE,07/10/2026,A RECEBER,"Lucas - 

fiz o referente a quantidade de meses que falta para finalizar o termo sem assinatura"
01/10/2026,,Isabela Souza Godoy,"Trafego, L-FUP, WhatsApp",NATAÇÃO 1x,ANUAL,"R$ 147,00",,"Loana de Souza / (14) 99898-0855
",PIX+BOLETOS,02/10/2026,CHURN,17h ficou de ver com o pai que irá trazer na sexta às 17h + disse que irá esperar um pouco,,02/10/2026,,Melissa Trindade Romano ,Indicação,NATAÇÃO 1x,ANUAL,"R$ 129,00",,"BOLETO: Sônia Regina C N Romano
(14) 99175-4067 - MÃE: Caroline Soares Romano (14) 99103-1450",PIX+BOLETOS,05/11/2026,PAGO,FAZER 11 BOLETOS DE 187,,06/10/2026,,José Luiz Betio,Indicação,UP,ANUAL,"R$ 257,00",,(14) 98184-7439,RECORRENTE,10/10/2026,A RECEBER,"Murilo - termo tudo explicado, porem é idoso vou pegar assinatura junto"
01/10/2026,OK,Beijamin Emanuel Angusti Porto,"LinkBio, L1, WhatsApp",NATAÇÃO 1x,ANUAL,"R$ 147,00",,Dayane Arieli Angisti Porto / (14) 99761-3058,PIX+BOLETOS,10/10/2026,A RECEBER,"FAZER 12 BOLETOS DE 187

 FIZ 1 BOLETO PONTUAL
JA DEIXEI ALINHADO NA PLANILHA",,02/10/2026,,Maria Luzia Pereira,"Trafego, L2",SKY,ANUAL,"R$ 197,00",,14 98137-4239,RECORRENTE,05/10/2026,NEGOCIAÇÃO,VAI CADASTRAR RECORRENTE APÓS PRIMEIRA AULA QUARTA 07/10,,,,,,,,,,,,,,
01/10/2026,OK,Asafe Alves Bueno ,"Trafego, WhatsApp",NATAÇÃO 1x,ANUAL,"R$ 147,00",,Débora Fernanda Alves Bueno / 14 99817-2156,RECORRENTE,06/10/2026,A RECEBER,"TUDO OK

- JA DEIXEI ALINHADO NA PLAILHA",,03/10/2026,,Maria Fernanda Maciel Nogueira,"Orgânico/Wpp, L4",NATAÇÃO 1x,SEMESTRAL,"R$ 147,00",,14 98832-1887 - Francieli Guimarães,CRÉDITO PARCELADO,03/10/2026,PAGO,"PARCELAMENTO DE 882,00 EM 6X",,,,,,,,,,,,,,
02/10/2026,OK,Alice de Carvalho Perucci,"Orgânico/Wpp, AULA AVULSA, WhatsApp",NATAÇÃO 1x,ANUAL,"R$ 147,00",,Lucimar Celestino de Carvalho Perucci / 14 99622-1961 - Pai: Edson 14 99785-3490,CRÉDITO+RECORRENTE,02/10/2026,PAGO,"Cadastrou cartão, mas banco não autorizou recorrencia. Caso não consiga autorizar até o próximo mês, manter pagamento por crédito no Studio, pai dela quem tras pra aula e paga (Edson 14997853490) + PASSEI 197 NA MAQUININHA E ERA 147 ALÉM DE CONSIDERAR OS 30 REAIS QUE PAGOU DA EXP NO FINAL DO MÊS (Murilo fez pix de reembolso)

- JA DEIXEI ALINHADO NA PLANILHA!",,05/10/2026,,Kaleb de França Cassiano de Sá,"Trafego, L1",NATAÇÃO 1x,ANUAL,"R$ 147,00",,14 99120-3470 -  Isac Cassiano Cardoso de Sá (Pai),RECORRENTE,20/10/2026,A RECEBER,"LINK ENVIADO PARA CADSTRO DO CARTÃO, CADASTRADO ",,,,,,,,,,,,,,
02/10/2026,OK,Alicy Fernanda Borges Ferreira ,"Transmissão, WhatsApp",NATAÇÃO 2x,ANUAL,"R$ 149,00",,"Lilian Mateus Borges Ferreira 
14 99704-4494",RECORRENTE,02/10/2026,PAGO,"TUDO OK
- JA DEIXEI ALINHADO NA PLAILHA",,05/10/2026,,Ana Luiza Calegari ,"LinkBio, L1",NATAÇÃO 1x,ANUAL,"R$ 147,00",,14 99779-5091 - Ana Caroline Pereira Calegari (mãe),PIX+BOLETOS,06/10/2026,A RECEBER,"VAI FAZER O PIX 06/10, EMITIR 11 BOLETOS DE 187,00 PARA TODO DIA 08",,,,,,,,,,,,,,
02/10/2026,OK,"Anne Gabriely Borges Ferreira 
","Transmissão, WhatsApp",,,"R$ 149,00",,,,,,,,,,,,,,,,,,,,,,,,,,,,,,,,,,
02/10/2026,!,"Pedro Miguel Bueno Prado","Orgânico/Wpp, L-FUP",NATAÇÃO 1x,ANUAL,"R$ 147,00",,João Felipe Prado Pereira / 14 99113-5903,PIX+BOLETOS,10/10/2026,A RECEBER,FAZER 12 BOLETOS DE 187,,,,,,,,,,,,,,,,,,,,,,,,,,,,
02/10/2026,,Ana Luiza,"Trafego, L1",NATAÇÃO 1x,ANUAL,"R$ 147,00",,"Mayara Maria dos Santos Costa / 14 99603-3427
",,09/10/2026,NEGOCIAÇÃO,19h finalizar,,,,,,,,,,,,,,,,,,,,,,,,,,,,
03/10/2026,,"Leonardo Figueira Tomazela
","Orgânico/Wpp, L2",NATAÇÃO 1x,ANUAL,"R$ 147,00",,Vanessa Figueira Tomazela / 14 99879-1090,RECORRENTE,,CHURN,ficou de confirmar com marido sobre pagamento recorrente ou boleto + pediu semestral e retornou dizendo sobre deixar para depois,,,,,,,,,,,,,,,,,,,,,,,,,,,,
05/10/2026,,Davi Kubiski Almeida ,"Story/Status, Ex-aluno, WhatsApp",NATAÇÃO 1x,ANUAL,"R$ 147,00",,Jaine kubiski de Santana Almeida / 14 99664-2070,,06/10/2026,NEGOCIAÇÃO,19h30 finalizar,,,,,,,,,,,,,,,,,,,,,,,,,,,,
,,,,,,,,,,,,,,,,,,,,,,,,,,,,,,,,,,,,,,,,
,,,,,,,,,,,,,,,,,,,,,,,,,,,,,,,,,,,,,,,,
,,,,,,,,,,,,,,,,,,,,,,,,,,,,,,,,,,,,,,,,
,,,,,,,,,,,,,,,,,,,,,,,,,,,,,,,,,,,,,,,,
,,,,,,,,,,,,,,,,,,,,,,,,,,,,,,,,,,,,,,,,
,,,,,,,,,,,,,,,,,,,,,,,,,,,,,,,,,,,,,,,,
,,,,,,,,,,,,,,,,,,,,,,,,,,,,,,,,,,,,,,,,
,,,,,,,,,,,,,,,,,,,,,,,,,,,,,,,,,,,,,,,,
,,,,,,,,,,,,,,,,,,,,,,,,,,,,,,,,,,,,,,,,
,,,,,,,,,,,,,,,,,,,,,,,,,,,,,,,,,,,,,,,,
,,,,,,,,,,,,,,,,,,,,,,,,,,,,,,,,,,,,,,,,
,,,,,,,,,,,,,,,,,,,,,,,,,,,,,,,,,,,,,,,,
,,,,,,,,,,,,,,,,,,,,,,,,,,,,,,,,,,,,,,,,
,,,,,,,,,,,,,,,,,,,,,,,,,,,,,,,,,,,,,,,,
,,,,,,,,,,,,,,,,,,,,,,,,,,,,,,,,,,,,,,,,
,,,,,,,,,,,,,,,,,,,,,,,,,,,,,,,,,,,,,,,,
,,,,,,,,,,,,,,,,,,,,,,,,,,,,,,,,,,,,,,,,
,,,,,,,,,,,,,,,,,,,,,,,,,,,,,,,,,,,,,,,,
,,,,,,,,,,,,,,,,,,,,,,,,,,,,,,,,,,,,,,,,
,,,,,,,,,,,,,,,,,,,,,,,,,,,,,,,,,,,,,,,,
,,,,,,,,,,,,,,,,,,,,,,,,,,,,,,,,,,,,,,,,
,,,,,,,,,,,,,,,,,,,,,,,,,,,,,,,,,,,,,,,,
PREVISÃO,,,,,,"R$ 1.641,00","R$ 0,00",CANCELAMENTO,"R$ 294,00",TOTAL,"R$ 2.243,00",,,PREVISÃO,,,,,,"R$ 896,00","R$ 0,00",CANCELAMENTO,,TOTAL,"R$ 896,00",,,PREVISÃO,,,,,,"R$ 0,00","R$ 0,00",CANCELAMENTO,,TOTAL,,"R$ 0,00"